time_MS,frame,ID,top_left,top_right,bottom_right,bottom_left
0.0,1.0,,,,,
41.0,2.0,,,,,
81.0,3.0,,,,,
121.0,4.0,,,,,
200.0,5.0,,,,,
241.0,6.0,,,,,
281.0,7.0,,,,,
321.0,8.0,,,,,
400.0,9.0,,,,,
441.0,10.0,,,,,
481.0,11.0,,,,,
521.0,12.0,,,,,
600.0,13.0,,,,,
641.0,14.0,,,,,
681.0,15.0,,,,,
721.0,16.0,,,,,
800.0,17.0,,,,,
841.0,18.0,,,,,
881.0,19.0,,,,,
921.0,20.0,,,,,
1000.0,21.0,,,,,
1041.0,22.0,,,,,
1080.0,23.0,,,,,
1121.0,24.0,,,,,
1200.0,25.0,,,,,
1240.0,26.0,,,,,
1280.0,27.0,,,,,
1320.0,28.0,,,,,
1400.0,29.0,,,,,
1441.0,30.0,,,,,
1480.0,31.0,,,,,
1520.0,32.0,,,,,
1600.0,33.0,,,,,
1640.0,34.0,,,,,
1680.0,35.0,,,,,
1720.0,36.0,,,,,
1800.0,37.0,,,,,
1840.0,38.0,,,,,
1880.0,39.0,,,,,
1920.0,40.0,,,,,
2000.0,41.0,,,,,
2040.0,42.0,,,,,
2080.0,43.0,,,,,
2120.0,44.0,,,,,
2200.0,45.0,,,,,
2240.0,46.0,,,,,
2280.0,47.0,,,,,
2320.0,48.0,,,,,
2399.0,49.0,,,,,
2440.0,50.0,,,,,
2480.0,51.0,,,,,
2520.0,52.0,,,,,
2599.0,53.0,,,,,
2640.0,54.0,,,,,
2680.0,55.0,,,,,
2720.0,56.0,,,,,
2799.0,57.0,,,,,
2840.0,58.0,,,,,
2880.0,59.0,,,,,
2920.0,60.0,,,,,
2999.0,61.0,,,,,
3040.0,62.0,,,,,
3080.0,63.0,,,,,
3120.0,64.0,,,,,
3199.0,65.0,,,,,
3239.9999999999995,66.0,,,,,
3280.0,67.0,,,,,
3320.0,68.0,,,,,
3399.0,69.0,,,,,
3440.0,70.0,,,,,
3480.0,71.0,,,,,
3520.0,72.0,,,,,
3599.0,73.0,,,,,
3640.0,74.0,,,,,
3680.0,75.0,,,,,
3720.0,76.0,,,,,
3799.0,77.0,,,,,
3840.0,78.0,,,,,
3880.0,79.0,,,,,
3920.0,80.0,,,,,
3999.0,81.0,,,,,
4040.0,82.0,,,,,
4080.0,83.0,,,,,
4120.0,84.0,,,,,
4199.0,85.0,,,,,
4240.0,86.0,,,,,
4280.0,87.0,,,,,
4320.0,88.0,,,,,
4399.0,89.0,,,,,
4440.0,90.0,,,,,
4480.0,91.0,,,,,
4520.0,92.0,,,,,
4599.0,93.0,,,,,
4640.0,94.0,,,,,
4680.0,95.0,,,,,
4720.0,96.0,,,,,
4799.0,97.0,,,,,
4840.0,98.0,,,,,
4880.0,99.0,,,,,
4920.0,100.0,,,,,
4999.0,101.0,,,,,
5040.0,102.0,,,,,
5080.0,103.0,,,,,
5119.0,104.0,,,,,
5199.0,105.0,,,,,
5240.0,106.0,,,,,
5279.0,107.0,,,,,
5319.0,108.0,,,,,
5399.0,109.0,,,,,
5439.0,110.0,,,,,
5479.0,111.0,,,,,
5519.0,112.0,,,,,
5599.0,113.0,,,,,
5639.0,114.0,,,,,
5679.0,115.0,,,,,
5719.0,116.0,,,,,
5799.0,117.0,,,,,
5839.0,118.0,,,,,
5879.0,119.0,,,,,
5919.0,120.0,,,,,
5999.0,121.0,,,,,
6039.0,122.0,,,,,
6079.0,123.0,,,,,
6119.0,124.0,,,,,
6199.0,125.0,,,,,
6239.0,126.0,,,,,
6279.0,127.0,,,,,
6319.0,128.0,,,,,
6398.0,129.0,,,,,
6439.0,130.0,,,,,
6479.0,131.0,,,,,
6519.0,132.0,,,,,
6598.0,133.0,,,,,
6639.0,134.0,,,,,
6679.0,135.0,,,,,
6719.0,136.0,,,,,
6798.0,137.0,,,,,
6839.0,138.0,,,,,
6879.0,139.0,,,,,
6919.0,140.0,,,,,
6998.0,141.0,,,,,
7039.0,142.0,,,,,
7079.0,143.0,,,,,
7119.0,144.0,,,,,
7198.0,145.0,,,,,
7239.0,146.0,,,,,
7279.0,147.0,,,,,
7319.0,148.0,,,,,
7398.0,149.0,,,,,
7439.0,150.0,,,,,
7479.0,151.0,,,,,
7519.0,152.0,,,,,
7598.0,153.0,,,,,
7639.0,154.0,,,,,
7679.0,155.0,,,,,
7719.0,156.0,,,,,
7798.0,157.0,,,,,
7839.0,158.0,,,,,
7879.0,159.0,,,,,
7919.0,160.0,,,,,
7998.0,161.0,,,,,
8039.0,162.0,,,,,
8079.000000000001,163.0,,,,,
8119.0,164.0,,,,,
8198.0,165.0,,,,,
8239.0,166.0,,,,,
8279.0,167.0,,,,,
8319.0,168.0,,,,,
8398.0,169.0,,,,,
8439.0,170.0,,,,,
8479.0,171.0,,,,,
8519.0,172.0,,,,,
8598.0,173.0,,,,,
8639.0,174.0,,,,,
8679.0,175.0,,,,,
8719.0,176.0,,,,,
8798.0,177.0,,,,,
8838.0,178.0,,,,,
8879.0,179.0,,,,,
8919.0,180.0,,,,,
8998.0,181.0,,,,,
9038.0,182.0,,,,,
9078.0,183.0,,,,,
9119.0,184.0,,,,,
9198.0,185.0,,,,,
9238.0,186.0,,,,,
9278.0,187.0,,,,,
9318.0,188.0,,,,,
9398.0,189.0,,,,,
9438.0,190.0,,,,,
9478.0,191.0,,,,,
9518.0,192.0,,,,,
9598.0,193.0,,,,,
9638.0,194.0,,,,,
9678.0,195.0,,,,,
9718.0,196.0,,,,,
9798.0,197.0,,,,,
9838.0,198.0,,,,,
9878.0,199.0,,,,,
9918.0,200.0,,,,,
9998.0,201.0,,,,,
10038.0,202.0,,,,,
10078.0,203.0,,,,,
10118.0,204.0,,,,,
10198.0,205.0,,,,,
10238.0,206.0,,,,,
10278.0,207.0,,,,,
10318.0,208.0,,,,,
10397.0,209.0,,,,,
10438.0,210.0,,,,,
10478.0,211.0,,,,,
10518.0,212.0,,,,,
10597.0,213.0,,,,,
10638.0,214.0,,,,,
10678.0,215.0,,,,,
10718.0,216.0,,,,,
10797.0,217.0,,,,,
10838.0,218.0,,,,,
10878.0,219.0,,,,,
10918.0,220.0,,,,,
10997.0,221.0,,,,,
11038.0,222.0,,,,,
11078.0,223.0,,,,,
11118.0,224.0,,,,,
11197.0,225.0,,,,,
11238.0,226.0,,,,,
11278.0,227.0,,,,,
11318.0,228.0,,,,,
11397.0,229.0,,,,,
11438.0,230.0,,,,,
11478.0,231.0,,,,,
11518.0,232.0,,,,,
11597.0,233.0,,,,,
11638.0,234.0,,,,,
11678.0,235.0,,,,,
11718.0,236.0,,,,,
11797.0,237.0,,,,,
11838.0,238.0,,,,,
11878.0,239.0,,,,,
11918.0,240.0,,,,,
11997.0,241.0,,,,,
12038.0,242.0,,,,,
12078.0,243.0,,,,,
12118.0,244.0,,,,,
12197.0,245.0,,,,,
12238.0,246.0,,,,,
12278.0,247.0,,,,,
12318.0,248.0,,,,,
12397.0,249.0,,,,,
12438.0,250.0,,,,,
12477.0,251.0,,,,,
12518.0,252.0,,,,,
12597.0,253.0,,,,,
12638.0,254.0,,,,,
12678.0,255.0,,,,,
12718.0,256.0,,,,,
12797.0,257.0,,,,,
12838.0,258.0,,,,,
12878.0,259.0,,,,,
12917.0,260.0,,,,,
12997.0,261.0,,,,,
13037.0,262.0,,,,,
13077.0,263.0,,,,,
13118.0,264.0,,,,,
13197.0,265.0,,,,,
13237.0,266.0,,,,,
13277.0,267.0,,,,,
13317.0,268.0,,,,,
13397.0,269.0,,,,,
13437.0,270.0,,,,,
13477.0,271.0,,,,,
13517.0,272.0,,,,,
13597.0,273.0,,,,,
13637.0,274.0,,,,,
13677.0,275.0,,,,,
13717.0,276.0,,,,,
13797.0,277.0,,,,,
13837.0,278.0,,,,,
13877.0,279.0,,,,,
13917.0,280.0,,,,,
13997.0,281.0,,,,,
14037.0,282.0,,,,,
14077.0,283.0,,,,,
14117.0,284.0,,,,,
14197.0,285.0,,,,,
14237.0,286.0,,,,,
14277.0,287.0,,,,,
14317.0,288.0,,,,,
14396.0,289.0,,,,,
14437.0,290.0,,,,,
14477.0,291.0,,,,,
14517.0,292.0,,,,,
14596.0,293.0,,,,,
14637.0,294.0,,,,,
14677.0,295.0,,,,,
14717.0,296.0,,,,,
14796.0,297.0,,,,,
14837.0,298.0,,,,,
14877.0,299.0,,,,,
14917.0,300.0,,,,,
14996.0,301.0,,,,,
15037.0,302.0,,,,,
15077.0,303.0,,,,,
15117.0,304.0,,,,,
15196.0,305.0,,,,,
15237.0,306.0,,,,,
15277.0,307.0,,,,,
15317.0,308.0,,,,,
15396.0,309.0,,,,,
15437.0,310.0,,,,,
15477.0,311.0,,,,,
15517.0,312.0,,,,,
15596.0,313.0,,,,,
15637.0,314.0,,,,,
15677.0,315.0,,,,,
15717.0,316.0,,,,,
15796.0,317.0,,,,,
15837.0,318.0,,,,,
15877.0,319.0,,,,,
15917.0,320.0,,,,,
15996.0,321.0,,,,,
16036.999999999998,322.0,,,,,
16076.999999999998,323.0,,,,,
16117.0,324.0,,,,,
16196.000000000002,325.0,,,,,
16236.999999999998,326.0,,,,,
16277.000000000002,327.0,,,,,
16317.0,328.0,,,,,
16396.0,329.0,,,,,
16437.0,330.0,,,,,
16477.0,331.0,,,,,
16517.0,332.0,,,,,
16596.0,333.0,,,,,
16637.0,334.0,,,,,
16677.0,335.0,,,,,
16717.0,336.0,,,,,
16796.0,337.0,,,,,
16837.0,338.0,,,,,
16877.0,339.0,,,,,
16917.0,340.0,,,,,
16996.0,341.0,,,,,
17036.0,342.0,,,,,
17076.0,343.0,,,,,
17117.0,344.0,,,,,
17196.0,345.0,,,,,
17236.0,346.0,,,,,
17276.0,347.0,,,,,
17316.0,348.0,,,,,
17396.0,349.0,,,,,
17436.0,350.0,,,,,
17476.0,351.0,,,,,
17516.0,352.0,,,,,
17596.0,353.0,,,,,
17636.0,354.0,,,,,
17676.0,355.0,,,,,
17716.0,356.0,,,,,
17796.0,357.0,,,,,
17836.0,358.0,,,,,
17876.0,359.0,,,,,
17916.0,360.0,,,,,
17996.0,361.0,,,,,
18036.0,362.0,,,,,
18076.0,363.0,,,,,
18116.0,364.0,,,,,
18196.0,365.0,,,,,
18236.0,366.0,,,,,
18276.0,367.0,,,,,
18316.0,368.0,,,,,
18395.0,369.0,,,,,
18436.0,370.0,,,,,
18476.0,371.0,,,,,
18516.0,372.0,,,,,
18595.0,373.0,,,,,
18636.0,374.0,,,,,
18676.0,375.0,,,,,
18716.0,376.0,,,,,
18795.0,377.0,,,,,
18836.0,378.0,,,,,
18876.0,379.0,,,,,
18916.0,380.0,,,,,
18995.0,381.0,,,,,
19036.0,382.0,,,,,
19076.0,383.0,,,,,
19116.0,384.0,,,,,
19195.0,385.0,,,,,
19236.0,386.0,,,,,
19276.0,387.0,,,,,
19316.0,388.0,,,,,
19395.0,389.0,,,,,
19436.0,390.0,,,,,
19476.0,391.0,,,,,
19516.0,392.0,,,,,
19595.0,393.0,,,,,
19636.0,394.0,,,,,
19676.0,395.0,,,,,
19716.0,396.0,,,,,
19795.0,397.0,,,,,
19836.0,398.0,,,,,
19876.0,399.0,,,,,
19916.0,400.0,,,,,
19995.0,401.0,,,,,
20036.0,402.0,,,,,
20076.0,403.0,,,,,
20116.0,404.0,,,,,
20195.0,405.0,,,,,
20236.0,406.0,,,,,
20276.0,407.0,,,,,
20316.0,408.0,,,,,
20395.0,409.0,,,,,
20436.0,410.0,8.0,"(531.0, 1287.0)","(522.0, 1264.0)","(542.0, 1260.0)","(551.0, 1281.0)"
20476.0,411.0,,,,,
20515.0,412.0,,,,,
20595.0,413.0,,,,,
20636.0,414.0,,,,,
20675.0,415.0,,,,,
20715.0,416.0,,,,,
20795.0,417.0,,,,,
20835.0,418.0,,,,,
20875.0,419.0,,,,,
20915.0,420.0,,,,,
20995.0,421.0,,,,,
21035.0,422.0,,,,,
21075.0,423.0,,,,,
21115.0,424.0,,,,,
21195.0,425.0,,,,,
21235.0,426.0,,,,,
21275.0,427.0,,,,,
21315.0,428.0,,,,,
21395.0,429.0,,,,,
21435.0,430.0,,,,,
21475.0,431.0,,,,,
21515.0,432.0,,,,,
21595.0,433.0,,,,,
21635.0,434.0,,,,,
21675.0,435.0,,,,,
21715.0,436.0,,,,,
21795.0,437.0,,,,,
21835.0,438.0,,,,,
21875.0,439.0,,,,,
21915.0,440.0,,,,,
21994.0,441.0,,,,,
22035.0,442.0,,,,,
22075.0,443.0,,,,,
22115.0,444.0,,,,,
22194.0,445.0,,,,,
22235.0,446.0,,,,,
22275.0,447.0,,,,,
22315.0,448.0,,,,,
22394.0,449.0,,,,,
22435.0,450.0,,,,,
22475.0,451.0,,,,,
22515.0,452.0,,,,,
22594.0,453.0,,,,,
22635.0,454.0,,,,,
22675.0,455.0,,,,,
22715.0,456.0,,,,,
22794.0,457.0,,,,,
22835.0,458.0,,,,,
22875.0,459.0,,,,,
22915.0,460.0,,,,,
22994.0,461.0,,,,,
23035.0,462.0,,,,,
23075.0,463.0,,,,,
23118.0,464.0,,,,,
23194.0,465.0,,,,,
23235.0,466.0,,,,,
23275.0,467.0,,,,,
23317.0,468.0,,,,,
23394.0,469.0,,,,,
23435.0,470.0,,,,,
23475.0,471.0,,,,,
23517.0,472.0,,,,,
23594.0,473.0,,,,,
23635.0,474.0,,,,,
23675.0,475.0,,,,,
23715.0,476.0,,,,,
23794.0,477.0,,,,,
23835.0,478.0,,,,,
23875.0,479.0,,,,,
23915.0,480.0,,,,,
23994.0,481.0,,,,,
24035.0,482.0,,,,,
24075.0,483.0,,,,,
24115.0,484.0,,,,,
24194.0,485.0,,,,,
24235.0,486.0,,,,,
24275.0,487.0,,,,,
24315.0,488.0,,,,,
24394.0,489.0,,,,,
24435.0,490.0,,,,,
24475.0,491.0,,,,,
24515.0,492.0,,,,,
24594.0,493.0,,,,,
24634.0,494.0,,,,,
24674.0,495.0,,,,,
24714.0,496.0,,,,,
24794.0,497.0,,,,,
24834.0,498.0,,,,,
24874.0,499.0,,,,,
24915.0,500.0,,,,,
24994.0,501.0,,,,,
25034.0,502.0,,,,,
25074.0,503.0,,,,,
25114.0,504.0,,,,,
25194.0,505.0,,,,,
25234.0,506.0,,,,,
25274.0,507.0,,,,,
25314.0,508.0,,,,,
25394.0,509.0,,,,,
25434.0,510.0,,,,,
25474.0,511.0,,,,,
25514.0,512.0,,,,,
25594.0,513.0,,,,,
25634.0,514.0,,,,,
25674.0,515.0,,,,,
25714.0,516.0,,,,,
25794.0,517.0,,,,,
25834.0,518.0,,,,,
25874.0,519.0,,,,,
25914.0,520.0,,,,,
25993.0,521.0,,,,,
26034.0,522.0,,,,,
26074.0,523.0,,,,,
26114.0,524.0,,,,,
26193.0,525.0,,,,,
26234.0,526.0,,,,,
26274.0,527.0,,,,,
26314.0,528.0,,,,,
26393.0,529.0,,,,,
26434.0,530.0,,,,,
26474.0,531.0,,,,,
26514.0,532.0,,,,,
26593.0,533.0,,,,,
26634.0,534.0,,,,,
26674.0,535.0,,,,,
26714.0,536.0,,,,,
26793.0,537.0,,,,,
26834.0,538.0,,,,,
26874.0,539.0,,,,,
26914.0,540.0,,,,,
26993.0,541.0,,,,,
27034.0,542.0,,,,,
27074.0,543.0,,,,,
27114.0,544.0,,,,,
27193.0,545.0,,,,,
27234.0,546.0,,,,,
27274.0,547.0,,,,,
27314.0,548.0,,,,,
27393.0,549.0,,,,,
27434.0,550.0,,,,,
27474.0,551.0,,,,,
27514.0,552.0,,,,,
27593.0,553.0,,,,,
27634.0,554.0,,,,,
27674.0,555.0,,,,,
27714.0,556.0,,,,,
27793.0,557.0,,,,,
27834.0,558.0,,,,,
27874.0,559.0,,,,,
27914.0,560.0,,,,,
27993.0,561.0,,,,,
28034.0,562.0,,,,,
28074.0,563.0,,,,,
28114.0,564.0,,,,,
28193.0,565.0,,,,,
28234.0,566.0,,,,,
28274.0,567.0,,,,,
28314.0,568.0,,,,,
28393.0,569.0,,,,,
28434.0,570.0,,,,,
28474.0,571.0,,,,,
28513.0,572.0,,,,,
28593.0,573.0,,,,,
28633.0,574.0,,,,,
28674.0,575.0,,,,,
28713.0,576.0,,,,,
28793.0,577.0,,,,,
28833.0,578.0,,,,,
28873.0,579.0,,,,,
28913.0,580.0,,,,,
28993.0,581.0,,,,,
29033.0,582.0,,,,,
29073.0,583.0,,,,,
29114.0,584.0,,,,,
29193.0,585.0,,,,,
29233.0,586.0,,,,,
29273.0,587.0,,,,,
29313.0,588.0,,,,,
29393.0,589.0,,,,,
29433.0,590.0,,,,,
29473.0,591.0,,,,,
29513.0,592.0,,,,,
29593.0,593.0,,,,,
29633.0,594.0,,,,,
29673.0,595.0,,,,,
29713.0,596.0,,,,,
29793.0,597.0,,,,,
29833.0,598.0,,,,,
29873.0,599.0,,,,,
29913.0,600.0,11.0,"(1387.0, 323.0)","(1381.0, 291.0)","(1419.0, 287.0)","(1424.0, 319.0)"
29992.0,601.0,11.0,"(1387.0, 324.0)","(1381.0, 291.0)","(1418.0, 286.0)","(1424.0, 319.0)"
30033.0,602.0,11.0,"(1388.0, 325.0)","(1383.0, 292.0)","(1420.0, 288.0)","(1425.0, 321.0)"
30073.0,603.0,11.0,"(1388.0, 325.0)","(1383.0, 292.0)","(1421.0, 289.0)","(1426.0, 321.0)"
30113.0,604.0,11.0,"(1388.0, 324.0)","(1383.0, 291.0)","(1421.0, 288.0)","(1426.0, 320.0)"
30192.0,605.0,11.0,"(1388.0, 324.0)","(1383.0, 291.0)","(1421.0, 288.0)","(1426.0, 320.0)"
30233.0,606.0,11.0,"(1387.0, 324.0)","(1383.0, 291.0)","(1421.0, 288.0)","(1425.0, 321.0)"
30273.0,607.0,11.0,"(1387.0, 324.0)","(1383.0, 291.0)","(1421.0, 288.0)","(1425.0, 321.0)"
30313.0,608.0,11.0,"(1386.0, 324.0)","(1382.0, 291.0)","(1419.0, 288.0)","(1424.0, 321.0)"
30392.0,609.0,,,,,
30433.0,610.0,11.0,"(1385.0, 323.0)","(1377.0, 289.0)","(1418.0, 287.0)","(1423.0, 319.0)"
30473.0,611.0,11.0,"(1384.0, 321.0)","(1380.0, 288.0)","(1417.0, 285.0)","(1422.0, 317.0)"
30513.0,612.0,,,,,
30592.0,613.0,,,,,
30633.0,614.0,,,,,
30673.0,615.0,,,,,
30713.0,616.0,,,,,
30792.0,617.0,,,,,
30833.0,618.0,11.0,"(1381.0, 325.0)","(1377.0, 292.0)","(1414.0, 287.0)","(1419.0, 320.0)"
30873.0,619.0,11.0,"(1381.0, 323.0)","(1374.0, 291.0)","(1412.0, 285.0)","(1418.0, 316.0)"
30913.0,620.0,11.0,"(1380.0, 320.0)","(1375.0, 290.0)","(1410.0, 280.0)","(1417.0, 312.0)"
30992.0,621.0,11.0,"(1379.0, 316.0)","(1372.0, 287.0)","(1408.0, 278.0)","(1416.0, 308.0)"
31033.0,622.0,,,,,
31073.0,623.0,,,,,
31113.0,624.0,,,,,
31192.0,625.0,,,,,
31233.0,626.0,,,,,
31273.0,627.0,11.0,"(1382.0, 318.0)","(1377.0, 286.0)","(1415.0, 280.0)","(1420.0, 312.0)"
31313.0,628.0,11.0,"(1383.0, 317.0)","(1377.0, 285.0)","(1415.0, 278.0)","(1421.0, 312.0)"
31392.0,629.0,11.0,"(1383.0, 317.0)","(1373.0, 281.0)","(1415.0, 277.0)","(1420.0, 310.0)"
31433.0,630.0,11.0,"(1381.0, 317.0)","(1375.0, 283.0)","(1412.0, 278.0)","(1419.0, 311.0)"
31473.0,631.0,11.0,"(1381.0, 318.0)","(1375.0, 285.0)","(1412.0, 278.0)","(1418.0, 311.0)"
31513.0,632.0,11.0,"(1381.0, 319.0)","(1376.0, 288.0)","(1413.0, 280.0)","(1418.0, 314.0)"
31592.0,633.0,,,,,
31633.0,634.0,11.0,"(1381.0, 319.0)","(1377.0, 288.0)","(1414.0, 281.0)","(1419.0, 314.0)"
31673.0,635.0,6.0,"(628.0, 90.0)","(652.0, 84.0)","(655.0, 95.0)","(629.0, 103.0)"
31713.0,636.0,,,,,
31792.0,637.0,,,,,
31833.0,638.0,,,,,
31873.0,639.0,11.0,"(1380.0, 319.0)","(1376.0, 288.0)","(1414.0, 281.0)","(1418.0, 314.0)"
31913.0,640.0,11.0,"(1379.0, 320.0)","(1375.0, 289.0)","(1413.0, 282.0)","(1417.0, 315.0)"
31992.0,641.0,11.0,"(1379.0, 320.0)","(1375.0, 289.0)","(1413.0, 282.0)","(1417.0, 315.0)"
32033.0,642.0,,,,,
32073.0,643.0,11.0,"(1380.0, 321.0)","(1376.0, 290.0)","(1414.0, 283.0)","(1418.0, 316.0)"
32113.0,644.0,,,,,
32192.0,645.0,,,,,
32232.999999999996,646.0,,,,,
32273.000000000004,647.0,,,,,
32313.000000000004,648.0,,,,,
32392.000000000004,649.0,,,,,
32432.000000000004,650.0,11.0,"(1382.0, 318.0)","(1376.0, 286.0)","(1413.0, 279.0)","(1419.0, 311.0)"
32472.0,651.0,11.0,"(1382.0, 318.0)","(1376.0, 286.0)","(1413.0, 279.0)","(1419.0, 311.0)"
32512.999999999996,652.0,,,,,
32592.0,653.0,,,,,
32633.000000000004,654.0,,,,,
32671.999999999996,655.0,,,,,
32712.000000000004,656.0,,,,,
32792.0,657.0,11.0,"(1382.0, 319.0)","(1376.0, 286.0)","(1413.0, 280.0)","(1420.0, 312.0)"
32832.0,658.0,11.0,"(1382.0, 319.0)","(1376.0, 287.0)","(1413.0, 281.0)","(1419.0, 313.0)"
32872.0,659.0,11.0,"(1381.0, 320.0)","(1375.0, 288.0)","(1412.0, 280.0)","(1419.0, 313.0)"
32912.0,660.0,11.0,"(1379.0, 324.0)","(1377.0, 290.0)","(1413.0, 282.0)","(1419.0, 315.0)"
32992.0,661.0,6.0,"(628.0, 85.0)","(651.0, 82.0)","(652.0, 95.0)","(626.0, 99.0)"
33032.0,662.0,,,,,
33073.0,663.0,,,,,
33112.0,664.0,,,,,
33192.0,665.0,27.0,"(636.0, 1169.0)","(594.0, 1163.0)","(598.0, 1159.0)","(640.0, 1161.0)"
33232.0,666.0,27.0,"(636.0, 1169.0)","(594.0, 1163.0)","(598.0, 1159.0)","(640.0, 1161.0)"
33272.0,667.0,27.0,"(636.0, 1169.0)","(594.0, 1163.0)","(598.0, 1159.0)","(640.0, 1161.0)"
33312.0,668.0,27.0,"(636.0, 1169.0)","(594.0, 1163.0)","(598.0, 1159.0)","(640.0, 1161.0)"
33392.0,669.0,,,,,
33432.0,670.0,,,,,
33472.0,671.0,11.0,"(1383.0, 324.0)","(1379.0, 291.0)","(1416.0, 286.0)","(1421.0, 318.0)"
33512.0,672.0,11.0,"(1383.0, 323.0)","(1380.0, 291.0)","(1417.0, 286.0)","(1421.0, 317.0)"
33592.0,673.0,6.0,"(629.0, 86.0)","(652.0, 83.0)","(653.0, 97.0)","(627.0, 101.0)"
33632.0,674.0,,,,,
33672.0,675.0,,,,,
33712.0,676.0,,,,,
33792.0,677.0,11.0,"(1383.0, 319.0)","(1377.0, 287.0)","(1414.0, 280.0)","(1421.0, 312.0)"
33832.0,678.0,,,,,
33872.0,679.0,,,,,
33912.0,680.0,,,,,
33991.0,681.0,11.0,"(1381.0, 318.0)","(1375.0, 284.0)","(1412.0, 277.0)","(1419.0, 311.0)"
34032.0,682.0,11.0,"(1380.0, 318.0)","(1374.0, 284.0)","(1411.0, 276.0)","(1418.0, 311.0)"
34072.0,683.0,11.0,"(1380.0, 318.0)","(1374.0, 284.0)","(1411.0, 276.0)","(1418.0, 311.0)"
34112.0,684.0,,,,,
34191.0,685.0,11.0,"(1382.0, 322.0)","(1378.0, 291.0)","(1414.0, 282.0)","(1419.0, 316.0)"
34232.0,686.0,,,,,
34272.0,687.0,,,,,
34312.0,688.0,,,,,
34391.0,689.0,,,,,
34432.0,690.0,,,,,
34472.0,691.0,,,,,
34512.0,692.0,,,,,
34591.0,693.0,,,,,
34632.0,694.0,,,,,
34672.0,695.0,,,,,
34712.0,696.0,,,,,
34791.0,697.0,,,,,
34832.0,698.0,,,,,
34872.0,699.0,,,,,
34912.0,700.0,,,,,
34991.0,701.0,,,,,
35032.0,702.0,,,,,
35072.0,703.0,,,,,
35112.0,704.0,,,,,
35191.0,705.0,,,,,
35232.0,706.0,,,,,
35272.0,707.0,,,,,
35312.0,708.0,,,,,
35391.0,709.0,,,,,
35432.0,710.0,,,,,
35472.0,711.0,,,,,
35512.0,712.0,,,,,
35591.0,713.0,,,,,
35632.0,714.0,,,,,
35672.0,715.0,,,,,
35712.0,716.0,,,,,
35791.0,717.0,,,,,
35832.0,718.0,,,,,
35872.0,719.0,,,,,
35912.0,720.0,,,,,
35991.0,721.0,,,,,
36032.0,722.0,,,,,
36072.0,723.0,,,,,
36112.0,724.0,,,,,
36191.0,725.0,,,,,
36232.0,726.0,,,,,
36271.0,727.0,11.0,"(1384.0, 318.0)","(1378.0, 286.0)","(1416.0, 280.0)","(1422.0, 312.0)"
36312.0,728.0,,,,,
36391.0,729.0,,,,,
36431.0,730.0,,,,,
36471.0,731.0,,,,,
36511.0,732.0,,,,,
36591.0,733.0,,,,,
36632.0,734.0,,,,,
36671.0,735.0,,,,,
36711.0,736.0,,,,,
36791.0,737.0,,,,,
36831.0,738.0,,,,,
36871.0,739.0,,,,,
36911.0,740.0,,,,,
36991.0,741.0,,,,,
37031.0,742.0,,,,,
37071.0,743.0,,,,,
37111.0,744.0,,,,,
37191.0,745.0,,,,,
37231.0,746.0,,,,,
37271.0,747.0,,,,,
37311.0,748.0,,,,,
37391.0,749.0,,,,,
37431.0,750.0,,,,,
37471.0,751.0,,,,,
37511.0,752.0,,,,,
37590.0,753.0,,,,,
37631.0,754.0,,,,,
37671.0,755.0,,,,,
37711.0,756.0,,,,,
37791.0,757.0,,,,,
37831.0,758.0,,,,,
37871.0,759.0,11.0,"(1390.0, 323.0)","(1383.0, 288.0)","(1419.0, 281.0)","(1427.0, 316.0)"
37911.0,760.0,11.0,"(1390.0, 321.0)","(1384.0, 286.0)","(1422.0, 280.0)","(1428.0, 315.0)"
37990.0,761.0,,,,,
38031.0,762.0,,,,,
38071.0,763.0,,,,,
38111.0,764.0,,,,,
38190.0,765.0,,,,,
38231.0,766.0,,,,,
38271.0,767.0,,,,,
38311.0,768.0,,,,,
38390.0,769.0,,,,,
38431.0,770.0,,,,,
38471.0,771.0,,,,,
38511.0,772.0,,,,,
38590.0,773.0,,,,,
38631.0,774.0,,,,,
38671.0,775.0,,,,,
38711.0,776.0,,,,,
38790.0,777.0,,,,,
38831.0,778.0,,,,,
38871.0,779.0,,,,,
38911.0,780.0,,,,,
38990.0,781.0,,,,,
39031.0,782.0,,,,,
39071.0,783.0,,,,,
39111.0,784.0,,,,,
39190.0,785.0,,,,,
39231.0,786.0,,,,,
39271.0,787.0,,,,,
39311.0,788.0,,,,,
39390.0,789.0,,,,,
39431.0,790.0,,,,,
39471.0,791.0,,,,,
39511.0,792.0,,,,,
39590.0,793.0,,,,,
39631.0,794.0,,,,,
39671.0,795.0,,,,,
39711.0,796.0,,,,,
39790.0,797.0,,,,,
39831.0,798.0,,,,,
39871.0,799.0,,,,,
39911.0,800.0,,,,,
39990.0,801.0,,,,,
40031.0,802.0,,,,,
40071.0,803.0,,,,,
40111.0,804.0,,,,,
40190.0,805.0,,,,,
40231.0,806.0,,,,,
40270.0,807.0,,,,,
40311.0,808.0,,,,,
40390.0,809.0,,,,,
40430.0,810.0,,,,,
40470.0,811.0,,,,,
40511.0,812.0,,,,,
40590.0,813.0,,,,,
40630.0,814.0,,,,,
40671.0,815.0,,,,,
40710.0,816.0,,,,,
40790.0,817.0,,,,,
40830.0,818.0,,,,,
40870.0,819.0,,,,,
40910.0,820.0,,,,,
40990.0,821.0,,,,,
41030.0,822.0,,,,,
41070.0,823.0,,,,,
41111.0,824.0,,,,,
41190.0,825.0,,,,,
41230.0,826.0,,,,,
41270.0,827.0,,,,,
41310.0,828.0,,,,,
41390.0,829.0,,,,,
41430.0,830.0,,,,,
41470.0,831.0,,,,,
41510.0,832.0,,,,,
41590.0,833.0,,,,,
41630.0,834.0,,,,,
41670.0,835.0,,,,,
41710.0,836.0,,,,,
41790.0,837.0,,,,,
41830.0,838.0,,,,,
41870.0,839.0,,,,,
41910.0,840.0,,,,,
41989.0,841.0,,,,,
42030.0,842.0,,,,,
42070.0,843.0,,,,,
42110.0,844.0,,,,,
42189.0,845.0,,,,,
42230.0,846.0,,,,,
42270.0,847.0,,,,,
42310.0,848.0,,,,,
42389.0,849.0,,,,,
42430.0,850.0,,,,,
42470.0,851.0,,,,,
42510.0,852.0,,,,,
42589.0,853.0,,,,,
42630.0,854.0,,,,,
42670.0,855.0,,,,,
42710.0,856.0,,,,,
42789.0,857.0,,,,,
42830.0,858.0,,,,,
42870.0,859.0,,,,,
42910.0,860.0,,,,,
42989.0,861.0,,,,,
43030.0,862.0,,,,,
43070.0,863.0,,,,,
43110.0,864.0,,,,,
43189.0,865.0,,,,,
43230.0,866.0,,,,,
43270.0,867.0,,,,,
43310.0,868.0,,,,,
43389.0,869.0,,,,,
43430.0,870.0,,,,,
43470.0,871.0,,,,,
43510.0,872.0,,,,,
43589.0,873.0,,,,,
43630.0,874.0,,,,,
43670.0,875.0,,,,,
43710.0,876.0,,,,,
43789.0,877.0,,,,,
43830.0,878.0,,,,,
43870.0,879.0,,,,,
43910.0,880.0,,,,,
43989.0,881.0,,,,,
44030.0,882.0,,,,,
44070.0,883.0,,,,,
44110.0,884.0,,,,,
44189.0,885.0,,,,,
44229.0,886.0,,,,,
44270.0,887.0,,,,,
44309.0,888.0,,,,,
44389.0,889.0,,,,,
44430.0,890.0,,,,,
44469.0,891.0,,,,,
44510.0,892.0,,,,,
44589.0,893.0,,,,,
44629.0,894.0,,,,,
44669.0,895.0,,,,,
44709.0,896.0,,,,,
44789.0,897.0,,,,,
44829.0,898.0,,,,,
44869.0,899.0,,,,,
44909.0,900.0,,,,,
44989.0,901.0,,,,,
45029.0,902.0,,,,,
45069.0,903.0,,,,,
45109.0,904.0,,,,,
45189.0,905.0,,,,,
45229.0,906.0,,,,,
45269.0,907.0,,,,,
45309.0,908.0,,,,,
45389.0,909.0,,,,,
45429.0,910.0,,,,,
45469.0,911.0,,,,,
45509.0,912.0,,,,,
45588.0,913.0,,,,,
45629.0,914.0,,,,,
45669.0,915.0,,,,,
45709.0,916.0,,,,,
45788.0,917.0,,,,,
45829.0,918.0,,,,,
45869.0,919.0,,,,,
45909.0,920.0,,,,,
45988.0,921.0,,,,,
46029.0,922.0,,,,,
46069.0,923.0,,,,,
46109.0,924.0,,,,,
46188.0,925.0,,,,,
46229.0,926.0,,,,,
46269.0,927.0,,,,,
46309.0,928.0,,,,,
46388.0,929.0,,,,,
46429.0,930.0,,,,,
46469.0,931.0,,,,,
46509.0,932.0,,,,,
46588.0,933.0,,,,,
46629.0,934.0,,,,,
46669.0,935.0,,,,,
46709.0,936.0,,,,,
46788.0,937.0,,,,,
46829.0,938.0,,,,,
46869.0,939.0,,,,,
46909.0,940.0,,,,,
46988.0,941.0,,,,,
47029.0,942.0,,,,,
47069.0,943.0,,,,,
47109.0,944.0,,,,,
47188.0,945.0,,,,,
47229.0,946.0,,,,,
47269.0,947.0,,,,,
47309.0,948.0,,,,,
47388.0,949.0,,,,,
47429.0,950.0,,,,,
47469.0,951.0,,,,,
47509.0,952.0,,,,,
47588.0,953.0,,,,,
47629.0,954.0,,,,,
47669.0,955.0,,,,,
47709.0,956.0,,,,,
47788.0,957.0,,,,,
47829.0,958.0,,,,,
47869.0,959.0,,,,,
47909.0,960.0,,,,,
47988.0,961.0,,,,,
48028.0,962.0,,,,,
48068.0,963.0,,,,,
48109.0,964.0,,,,,
48188.0,965.0,,,,,
48228.0,966.0,,,,,
48269.0,967.0,,,,,
48308.0,968.0,,,,,
48388.0,969.0,,,,,
48428.0,970.0,,,,,
48468.0,971.0,,,,,
48508.0,972.0,,,,,
48588.0,973.0,,,,,
48628.0,974.0,,,,,
48668.0,975.0,,,,,
48709.0,976.0,,,,,
48788.0,977.0,,,,,
48828.0,978.0,,,,,
48868.0,979.0,,,,,
48908.0,980.0,,,,,
48988.0,981.0,,,,,
49028.0,982.0,,,,,
49068.0,983.0,,,,,
49108.0,984.0,,,,,
49188.0,985.0,,,,,
49228.0,986.0,,,,,
49268.0,987.0,,,,,
49308.0,988.0,,,,,
49388.0,989.0,,,,,
49428.0,990.0,,,,,
49468.0,991.0,,,,,
49508.0,992.0,,,,,
49587.0,993.0,,,,,
49628.0,994.0,,,,,
49668.0,995.0,,,,,
49708.0,996.0,,,,,
49787.0,997.0,,,,,
49828.0,998.0,,,,,
49868.0,999.0,,,,,
49908.0,1000.0,,,,,
49987.0,1001.0,,,,,
50028.0,1002.0,,,,,
50068.0,1003.0,,,,,
50108.0,1004.0,,,,,
50187.0,1005.0,,,,,
50228.0,1006.0,,,,,
50268.0,1007.0,,,,,
50308.0,1008.0,,,,,
50387.0,1009.0,,,,,
50428.0,1010.0,,,,,
50468.0,1011.0,,,,,
50508.0,1012.0,,,,,
50587.0,1013.0,,,,,
50628.0,1014.0,,,,,
50668.0,1015.0,,,,,
50708.0,1016.0,,,,,
50787.0,1017.0,,,,,
50828.0,1018.0,,,,,
50868.0,1019.0,,,,,
50908.0,1020.0,,,,,
50987.0,1021.0,,,,,
51028.0,1022.0,,,,,
51068.0,1023.0,,,,,
51108.0,1024.0,,,,,
51187.0,1025.0,,,,,
51228.0,1026.0,,,,,
51268.0,1027.0,,,,,
51308.0,1028.0,,,,,
51387.0,1029.0,,,,,
51428.0,1030.0,,,,,
51468.0,1031.0,,,,,
51508.0,1032.0,,,,,
51587.0,1033.0,,,,,
51628.0,1034.0,,,,,
51668.0,1035.0,,,,,
51708.0,1036.0,,,,,
51787.0,1037.0,,,,,
51828.0,1038.0,,,,,
51867.0,1039.0,,,,,
51908.0,1040.0,,,,,
51987.0,1041.0,,,,,
52027.0,1042.0,,,,,
52067.0,1043.0,,,,,
52107.0,1044.0,,,,,
52187.0,1045.0,,,,,
52227.0,1046.0,,,,,
52267.0,1047.0,,,,,
52307.0,1048.0,,,,,
52387.0,1049.0,,,,,
52427.0,1050.0,,,,,
52467.0,1051.0,,,,,
52507.0,1052.0,,,,,
52587.0,1053.0,,,,,
52627.0,1054.0,,,,,
52667.0,1055.0,,,,,
52707.0,1056.0,,,,,
52787.0,1057.0,,,,,
52827.0,1058.0,,,,,
52867.0,1059.0,,,,,
52907.0,1060.0,,,,,
52987.0,1061.0,,,,,
53027.0,1062.0,,,,,
53067.0,1063.0,,,,,
53107.0,1064.0,,,,,
53187.0,1065.0,,,,,
53227.0,1066.0,,,,,
53267.0,1067.0,,,,,
53307.0,1068.0,,,,,
53386.0,1069.0,,,,,
53427.0,1070.0,,,,,
53467.0,1071.0,,,,,
53507.0,1072.0,,,,,
53586.0,1073.0,,,,,
53627.0,1074.0,,,,,
53667.0,1075.0,,,,,
53707.0,1076.0,,,,,
53786.0,1077.0,,,,,
53827.0,1078.0,,,,,
53867.0,1079.0,,,,,
53907.0,1080.0,,,,,
53986.0,1081.0,,,,,
54027.0,1082.0,,,,,
54067.0,1083.0,,,,,
54107.0,1084.0,,,,,
54186.0,1085.0,,,,,
54227.0,1086.0,,,,,
54267.0,1087.0,,,,,
54307.0,1088.0,,,,,
54386.0,1089.0,,,,,
54427.0,1090.0,,,,,
54467.0,1091.0,,,,,
54507.0,1092.0,,,,,
54586.0,1093.0,,,,,
54627.0,1094.0,,,,,
54667.0,1095.0,,,,,
54707.0,1096.0,,,,,
54786.0,1097.0,,,,,
54827.0,1098.0,,,,,
54867.0,1099.0,,,,,
54907.0,1100.0,,,,,
54986.0,1101.0,,,,,
55027.0,1102.0,,,,,
55067.0,1103.0,,,,,
55107.0,1104.0,,,,,
55186.0,1105.0,,,,,
55227.0,1106.0,,,,,
55267.0,1107.0,,,,,
55307.0,1108.0,,,,,
55386.0,1109.0,,,,,
55427.0,1110.0,,,,,
55467.0,1111.0,,,,,
55507.0,1112.0,,,,,
55586.0,1113.0,,,,,
55627.0,1114.0,,,,,
55667.0,1115.0,,,,,
55707.0,1116.0,,,,,
55786.0,1117.0,,,,,
55827.0,1118.0,,,,,
55866.0,1119.0,,,,,
55906.0,1120.0,,,,,
55986.0,1121.0,,,,,
56026.0,1122.0,,,,,
56066.0,1123.0,,,,,
56107.0,1124.0,,,,,
56186.0,1125.0,,,,,
56226.0,1126.0,,,,,
56266.0,1127.0,,,,,
56306.0,1128.0,,,,,
56386.0,1129.0,,,,,
56426.0,1130.0,,,,,
56466.0,1131.0,,,,,
56506.0,1132.0,,,,,
56586.0,1133.0,,,,,
56626.0,1134.0,,,,,
56666.0,1135.0,,,,,
56706.0,1136.0,,,,,
56786.0,1137.0,,,,,
56826.0,1138.0,,,,,
56866.0,1139.0,,,,,
56906.0,1140.0,,,,,
56986.0,1141.0,,,,,
57026.0,1142.0,,,,,
57066.0,1143.0,,,,,
57106.0,1144.0,,,,,
57185.0,1145.0,,,,,
57226.0,1146.0,,,,,
57266.0,1147.0,,,,,
57306.0,1148.0,,,,,
57385.0,1149.0,,,,,
57426.0,1150.0,,,,,
57466.0,1151.0,,,,,
57506.0,1152.0,,,,,
57585.0,1153.0,,,,,
57626.0,1154.0,,,,,
57666.0,1155.0,,,,,
57706.0,1156.0,,,,,
57785.0,1157.0,,,,,
57826.0,1158.0,,,,,
57866.0,1159.0,,,,,
57906.0,1160.0,,,,,
57985.0,1161.0,,,,,
58026.0,1162.0,,,,,
58066.0,1163.0,,,,,
58106.0,1164.0,,,,,
58185.0,1165.0,,,,,
58226.0,1166.0,,,,,
58266.0,1167.0,,,,,
58306.0,1168.0,,,,,
58385.0,1169.0,,,,,
58426.0,1170.0,,,,,
58466.0,1171.0,,,,,
58506.0,1172.0,,,,,
58585.0,1173.0,,,,,
58626.0,1174.0,,,,,
58666.0,1175.0,,,,,
58706.0,1176.0,,,,,
58785.0,1177.0,,,,,
58826.0,1178.0,,,,,
58866.0,1179.0,,,,,
58906.0,1180.0,,,,,
58985.0,1181.0,,,,,
59026.0,1182.0,,,,,
59066.0,1183.0,,,,,
59106.0,1184.0,,,,,
59185.0,1185.0,,,,,
59226.0,1186.0,,,,,
59266.0,1187.0,,,,,
59306.0,1188.0,,,,,
59385.0,1189.0,,,,,
59426.0,1190.0,,,,,
59466.0,1191.0,,,,,
59506.0,1192.0,,,,,
59585.0,1193.0,,,,,
59625.0,1194.0,,,,,
59666.0,1195.0,,,,,
59705.0,1196.0,,,,,
59785.0,1197.0,,,,,
59826.0,1198.0,,,,,
59866.0,1199.0,,,,,
59905.0,1200.0,,,,,
59985.0,1201.0,,,,,
60025.0,1202.0,,,,,
60065.0,1203.0,,,,,
60106.0,1204.0,,,,,
60185.0,1205.0,,,,,
60225.0,1206.0,,,,,
60265.0,1207.0,,,,,
60305.0,1208.0,,,,,
60385.0,1209.0,,,,,
60425.0,1210.0,,,,,
60466.0,1211.0,,,,,
60505.0,1212.0,,,,,
60585.0,1213.0,,,,,
60625.0,1214.0,,,,,
60665.0,1215.0,,,,,
60705.0,1216.0,,,,,
60785.0,1217.0,,,,,
60825.0,1218.0,,,,,
60865.0,1219.0,,,,,
60905.0,1220.0,,,,,
60985.0,1221.0,,,,,
61025.0,1222.0,,,,,
61065.0,1223.0,,,,,
61105.0,1224.0,,,,,
61184.0,1225.0,,,,,
61225.0,1226.0,,,,,
61265.0,1227.0,,,,,
61305.0,1228.0,,,,,
61384.0,1229.0,,,,,
61425.0,1230.0,,,,,
61464.99999999999,1231.0,,,,,
61505.0,1232.0,,,,,
61584.0,1233.0,,,,,
61625.0,1234.0,,,,,
61665.0,1235.0,,,,,
61705.0,1236.0,,,,,
61784.0,1237.0,,,,,
61825.0,1238.0,,,,,
61865.0,1239.0,,,,,
61905.0,1240.0,,,,,
61984.0,1241.0,,,,,
62025.0,1242.0,,,,,
62065.0,1243.0,,,,,
62105.0,1244.0,,,,,
62184.0,1245.0,,,,,
62225.0,1246.0,,,,,
62265.0,1247.0,,,,,
62305.0,1248.0,,,,,
62384.0,1249.0,,,,,
62425.0,1250.0,,,,,
62464.99999999999,1251.0,,,,,
62505.0,1252.0,,,,,
62584.0,1253.0,,,,,
62625.0,1254.0,,,,,
62665.0,1255.0,,,,,
62705.0,1256.0,,,,,
62784.0,1257.0,,,,,
62825.0,1258.0,,,,,
62865.0,1259.0,,,,,
62905.0,1260.0,,,,,
62984.0,1261.0,,,,,
63025.0,1262.0,,,,,
63065.0,1263.0,,,,,
63105.0,1264.0,,,,,
63184.0,1265.0,,,,,
63225.0,1266.0,,,,,
63265.0,1267.0,,,,,
63305.0,1268.0,,,,,
63384.0,1269.0,,,,,
63425.0,1270.0,,,,,
63464.99999999999,1271.0,,,,,
63505.0,1272.0,,,,,
63584.0,1273.0,,,,,
63624.0,1274.0,,,,,
63665.0,1275.0,,,,,
63705.0,1276.0,,,,,
63784.0,1277.0,,,,,
63824.0,1278.0,,,,,
63865.0,1279.0,,,,,
63904.0,1280.0,,,,,
63984.0,1281.0,,,,,
64025.00000000001,1282.0,,,,,
64063.99999999999,1283.0,,,,,
64105.00000000001,1284.0,,,,,
64184.0,1285.0,,,,,
64224.00000000001,1286.0,,,,,
64263.99999999999,1287.0,,,,,
64304.0,1288.0,,,,,
64384.0,1289.0,,,,,
64424.00000000001,1290.0,,,,,
64465.0,1291.0,,,,,
64504.00000000001,1292.0,,,,,
64584.0,1293.0,,,,,
64623.99999999999,1294.0,,,,,
64664.0,1295.0,,,,,
64703.99999999999,1296.0,,,,,
64784.00000000001,1297.0,,,,,
64824.0,1298.0,,,,,
64864.00000000001,1299.0,,,,,
64904.0,1300.0,,,,,
64983.99999999999,1301.0,,,,,
65024.0,1302.0,,,,,
65063.99999999999,1303.0,,,,,
65104.0,1304.0,,,,,
65182.99999999999,1305.0,,,,,
65224.00000000001,1306.0,,,,,
65263.99999999999,1307.0,,,,,
65304.0,1308.0,,,,,
65382.99999999999,1309.0,,,,,
65424.00000000001,1310.0,,,,,
65464.0,1311.0,,,,,
65504.00000000001,1312.0,,,,,
65583.0,1313.0,,,,,
65624.0,1314.0,,,,,
65664.0,1315.0,,,,,
65704.0,1316.0,,,,,
65783.0,1317.0,,,,,
65824.0,1318.0,,,,,
65864.0,1319.0,,,,,
65904.0,1320.0,,,,,
65983.0,1321.0,,,,,
66024.0,1322.0,,,,,
66064.0,1323.0,,,,,
66104.0,1324.0,,,,,
66183.0,1325.0,,,,,
66224.0,1326.0,,,,,
66264.0,1327.0,,,,,
66304.0,1328.0,,,,,
66383.0,1329.0,,,,,
66424.0,1330.0,,,,,
66464.0,1331.0,,,,,
66504.0,1332.0,,,,,
66583.0,1333.0,,,,,
66624.0,1334.0,,,,,
66664.0,1335.0,,,,,
66704.0,1336.0,,,,,
66783.0,1337.0,,,,,
66824.0,1338.0,,,,,
66864.0,1339.0,,,,,
66904.0,1340.0,,,,,
66983.0,1341.0,,,,,
67024.0,1342.0,,,,,
67064.0,1343.0,,,,,
67104.0,1344.0,,,,,
67183.0,1345.0,,,,,
67223.0,1346.0,,,,,
67264.0,1347.0,,,,,
67304.0,1348.0,,,,,
67383.0,1349.0,,,,,
67424.0,1350.0,,,,,
67464.0,1351.0,,,,,
67504.0,1352.0,,,,,
67583.0,1353.0,,,,,
67624.0,1354.0,,,,,
67663.0,1355.0,,,,,
67703.0,1356.0,,,,,
67783.0,1357.0,,,,,
67823.0,1358.0,,,,,
67863.0,1359.0,,,,,
67903.0,1360.0,,,,,
67983.0,1361.0,,,,,
68024.0,1362.0,,,,,
68063.0,1363.0,,,,,
68104.0,1364.0,,,,,
68183.0,1365.0,,,,,
68223.0,1366.0,,,,,
68263.0,1367.0,,,,,
68304.0,1368.0,,,,,
68383.0,1369.0,,,,,
68423.0,1370.0,,,,,
68464.0,1371.0,,,,,
68503.0,1372.0,,,,,
68583.0,1373.0,,,,,
68623.0,1374.0,,,,,
68663.0,1375.0,,,,,
68703.0,1376.0,,,,,
68783.0,1377.0,,,,,
68823.0,1378.0,,,,,
68863.0,1379.0,,,,,
68903.0,1380.0,,,,,
68983.0,1381.0,,,,,
69023.0,1382.0,,,,,
69063.0,1383.0,,,,,
69103.0,1384.0,,,,,
69182.0,1385.0,,,,,
69223.0,1386.0,,,,,
69263.0,1387.0,,,,,
69303.0,1388.0,,,,,
69382.0,1389.0,,,,,
69423.0,1390.0,,,,,
69463.0,1391.0,,,,,
69503.0,1392.0,,,,,
69582.0,1393.0,,,,,
69623.0,1394.0,,,,,
69663.0,1395.0,,,,,
69703.0,1396.0,,,,,
69782.0,1397.0,,,,,
69823.0,1398.0,,,,,
69863.0,1399.0,,,,,
69903.0,1400.0,,,,,
69982.0,1401.0,,,,,
70023.0,1402.0,,,,,
70063.0,1403.0,,,,,
70103.0,1404.0,,,,,
70182.0,1405.0,,,,,
70223.0,1406.0,,,,,
70263.0,1407.0,,,,,
70303.0,1408.0,,,,,
70382.0,1409.0,,,,,
70423.0,1410.0,,,,,
70463.0,1411.0,,,,,
70503.0,1412.0,,,,,
70582.0,1413.0,,,,,
70623.0,1414.0,,,,,
70663.0,1415.0,,,,,
70703.0,1416.0,,,,,
70782.0,1417.0,,,,,
70823.0,1418.0,,,,,
70863.0,1419.0,,,,,
70903.0,1420.0,,,,,
70982.0,1421.0,,,,,
71023.0,1422.0,,,,,
71063.0,1423.0,,,,,
71103.0,1424.0,,,,,
71182.0,1425.0,,,,,
71223.0,1426.0,,,,,
71263.0,1427.0,,,,,
71303.0,1428.0,,,,,
71382.0,1429.0,,,,,
71423.0,1430.0,,,,,
71463.0,1431.0,,,,,
71503.0,1432.0,,,,,
71582.0,1433.0,,,,,
71622.0,1434.0,,,,,
71663.0,1435.0,,,,,
71702.0,1436.0,,,,,
71782.0,1437.0,,,,,
71822.0,1438.0,,,,,
71862.0,1439.0,,,,,
71903.0,1440.0,,,,,
71982.0,1441.0,,,,,
72022.0,1442.0,,,,,
72062.0,1443.0,,,,,
72103.0,1444.0,,,,,
72182.0,1445.0,,,,,
72222.0,1446.0,,,,,
72262.0,1447.0,,,,,
72302.0,1448.0,,,,,
72382.0,1449.0,,,,,
72422.0,1450.0,,,,,
72462.0,1451.0,,,,,
72502.0,1452.0,,,,,
72582.0,1453.0,,,,,
72622.0,1454.0,,,,,
72662.0,1455.0,,,,,
72702.0,1456.0,,,,,
72781.0,1457.0,,,,,
72822.0,1458.0,,,,,
72862.0,1459.0,,,,,
72902.0,1460.0,,,,,
72981.0,1461.0,,,,,
73022.0,1462.0,,,,,
73062.0,1463.0,,,,,
73102.0,1464.0,,,,,
73181.0,1465.0,,,,,
73222.0,1466.0,,,,,
73262.0,1467.0,,,,,
73302.0,1468.0,,,,,
73381.0,1469.0,,,,,
73422.0,1470.0,,,,,
73462.0,1471.0,,,,,
73502.0,1472.0,,,,,
73581.0,1473.0,,,,,
73622.0,1474.0,,,,,
73662.0,1475.0,,,,,
73702.0,1476.0,,,,,
73781.0,1477.0,,,,,
73822.0,1478.0,,,,,
73862.0,1479.0,,,,,
73902.0,1480.0,,,,,
73981.0,1481.0,,,,,
74022.0,1482.0,,,,,
74062.0,1483.0,,,,,
74102.0,1484.0,,,,,
74181.0,1485.0,,,,,
74222.0,1486.0,,,,,
74262.0,1487.0,,,,,
74302.0,1488.0,,,,,
74381.0,1489.0,,,,,
74422.0,1490.0,,,,,
74462.0,1491.0,,,,,
74502.0,1492.0,,,,,
74581.0,1493.0,,,,,
74622.0,1494.0,,,,,
74662.0,1495.0,,,,,
74702.0,1496.0,,,,,
74781.0,1497.0,,,,,
74822.0,1498.0,,,,,
74862.0,1499.0,,,,,
74902.0,1500.0,,,,,
74981.0,1501.0,,,,,
75022.0,1502.0,,,,,
75062.0,1503.0,,,,,
75102.0,1504.0,,,,,
75181.0,1505.0,,,,,
75222.0,1506.0,,,,,
75262.0,1507.0,,,,,
75301.0,1508.0,,,,,
75381.0,1509.0,,,,,
75421.0,1510.0,,,,,
75461.0,1511.0,,,,,
75501.0,1512.0,,,,,
75581.0,1513.0,,,,,
75622.0,1514.0,,,,,
75662.0,1515.0,,,,,
75701.0,1516.0,,,,,
75781.0,1517.0,,,,,
75821.0,1518.0,,,,,
75861.0,1519.0,,,,,
75901.0,1520.0,,,,,
75981.0,1521.0,,,,,
76021.0,1522.0,,,,,
76061.0,1523.0,,,,,
76102.0,1524.0,,,,,
76181.0,1525.0,,,,,
76221.0,1526.0,,,,,
76261.0,1527.0,,,,,
76301.0,1528.0,,,,,
76381.0,1529.0,,,,,
76421.0,1530.0,,,,,
76461.0,1531.0,,,,,
76501.0,1532.0,,,,,
76581.0,1533.0,,,,,
76621.0,1534.0,,,,,
76661.0,1535.0,,,,,
76701.0,1536.0,,,,,
76780.0,1537.0,,,,,
76821.0,1538.0,,,,,
76861.0,1539.0,,,,,
76901.0,1540.0,,,,,
76980.0,1541.0,,,,,
77021.0,1542.0,,,,,
77061.0,1543.0,,,,,
77101.0,1544.0,,,,,
77180.0,1545.0,,,,,
77221.0,1546.0,,,,,
77261.0,1547.0,,,,,
77301.0,1548.0,,,,,
77380.0,1549.0,,,,,
77421.0,1550.0,,,,,
77461.0,1551.0,,,,,
77501.0,1552.0,,,,,
77580.0,1553.0,,,,,
77621.0,1554.0,,,,,
77661.0,1555.0,,,,,
77701.0,1556.0,,,,,
77780.0,1557.0,,,,,
77821.0,1558.0,,,,,
77861.0,1559.0,,,,,
77901.0,1560.0,,,,,
77980.0,1561.0,,,,,
78021.0,1562.0,,,,,
78061.0,1563.0,,,,,
78101.0,1564.0,,,,,
78180.0,1565.0,,,,,
78221.0,1566.0,,,,,
78261.0,1567.0,,,,,
78301.0,1568.0,,,,,
78380.0,1569.0,,,,,
78421.0,1570.0,,,,,
78461.0,1571.0,,,,,
78501.0,1572.0,,,,,
78580.0,1573.0,,,,,
78621.0,1574.0,,,,,
78661.0,1575.0,,,,,
78701.0,1576.0,,,,,
78780.0,1577.0,,,,,
78821.0,1578.0,,,,,
78861.0,1579.0,,,,,
78901.0,1580.0,,,,,
78980.0,1581.0,,,,,
79021.0,1582.0,,,,,
79061.0,1583.0,,,,,
79101.0,1584.0,,,,,
79180.0,1585.0,,,,,
79221.0,1586.0,,,,,
79261.0,1587.0,,,,,
79301.0,1588.0,,,,,
79380.0,1589.0,,,,,
79420.0,1590.0,,,,,
79461.0,1591.0,,,,,
79500.0,1592.0,,,,,
79580.0,1593.0,,,,,
79620.0,1594.0,,,,,
79660.0,1595.0,,,,,
79700.0,1596.0,,,,,
79780.0,1597.0,,,,,
79820.0,1598.0,,,,,
79860.0,1599.0,,,,,
79900.0,1600.0,,,,,
79980.0,1601.0,,,,,
80020.0,1602.0,,,,,
80060.0,1603.0,,,,,
80101.0,1604.0,,,,,
80180.0,1605.0,,,,,
80220.0,1606.0,,,,,
80260.0,1607.0,,,,,
80300.0,1608.0,,,,,
80380.0,1609.0,,,,,
80420.0,1610.0,,,,,
80460.0,1611.0,,,,,
80500.0,1612.0,,,,,
80580.0,1613.0,,,,,
80620.0,1614.0,,,,,
80660.0,1615.0,,,,,
80700.0,1616.0,,,,,
80779.0,1617.0,,,,,
80820.0,1618.0,,,,,
80860.0,1619.0,,,,,
80900.0,1620.0,,,,,
80979.0,1621.0,,,,,
81020.0,1622.0,,,,,
81060.0,1623.0,,,,,
81100.0,1624.0,,,,,
81179.0,1625.0,,,,,
81220.0,1626.0,,,,,
81260.0,1627.0,,,,,
81300.0,1628.0,,,,,
81379.0,1629.0,,,,,
81420.0,1630.0,,,,,
81460.0,1631.0,,,,,
81500.0,1632.0,,,,,
81579.0,1633.0,,,,,
81620.0,1634.0,,,,,
81660.0,1635.0,,,,,
81700.0,1636.0,,,,,
81779.0,1637.0,,,,,
81820.0,1638.0,,,,,
81860.0,1639.0,,,,,
81900.0,1640.0,,,,,
81979.0,1641.0,,,,,
82020.0,1642.0,,,,,
82060.0,1643.0,,,,,
82100.0,1644.0,,,,,
82179.0,1645.0,,,,,
82220.0,1646.0,,,,,
82260.0,1647.0,,,,,
82300.0,1648.0,,,,,
82379.0,1649.0,,,,,
82420.0,1650.0,,,,,
82460.0,1651.0,,,,,
82500.0,1652.0,,,,,
82579.0,1653.0,,,,,
82620.0,1654.0,,,,,
82660.0,1655.0,,,,,
82700.0,1656.0,,,,,
82779.0,1657.0,,,,,
82820.0,1658.0,,,,,
82860.0,1659.0,,,,,
82900.0,1660.0,,,,,
82979.0,1661.0,,,,,
83020.0,1662.0,,,,,
83060.0,1663.0,,,,,
83100.0,1664.0,,,,,
83179.0,1665.0,,,,,
83219.0,1666.0,,,,,
83260.0,1667.0,,,,,
83299.0,1668.0,,,,,
83379.0,1669.0,,,,,
83419.0,1670.0,,,,,
83459.0,1671.0,,,,,
83499.0,1672.0,,,,,
83579.0,1673.0,,,,,
83619.0,1674.0,,,,,
83660.0,1675.0,,,,,
83699.0,1676.0,,,,,
83779.0,1677.0,,,,,
83819.0,1678.0,,,,,
83859.0,1679.0,,,,,
83899.0,1680.0,,,,,
83979.0,1681.0,,,,,
84019.0,1682.0,,,,,
84059.0,1683.0,,,,,
84099.0,1684.0,,,,,
84179.0,1685.0,,,,,
84219.0,1686.0,,,,,
84259.0,1687.0,,,,,
84299.0,1688.0,,,,,
84378.0,1689.0,,,,,
84419.0,1690.0,,,,,
84459.0,1691.0,,,,,
84499.0,1692.0,,,,,
84579.0,1693.0,,,,,
84619.0,1694.0,,,,,
84659.0,1695.0,,,,,
84699.0,1696.0,,,,,
84778.0,1697.0,,,,,
84819.0,1698.0,,,,,
84859.0,1699.0,,,,,
84899.0,1700.0,,,,,
84978.0,1701.0,,,,,
85019.0,1702.0,,,,,
85059.0,1703.0,,,,,
85099.0,1704.0,,,,,
85178.0,1705.0,,,,,
85219.0,1706.0,,,,,
85259.0,1707.0,,,,,
85299.0,1708.0,,,,,
85378.0,1709.0,,,,,
85419.0,1710.0,,,,,
85459.0,1711.0,,,,,
85499.0,1712.0,,,,,
85578.0,1713.0,,,,,
85619.0,1714.0,,,,,
85659.0,1715.0,,,,,
85699.0,1716.0,,,,,
85778.0,1717.0,,,,,
85819.0,1718.0,,,,,
85859.0,1719.0,,,,,
85899.0,1720.0,,,,,
85978.0,1721.0,,,,,
86019.0,1722.0,,,,,
86059.0,1723.0,,,,,
86099.0,1724.0,,,,,
86178.0,1725.0,,,,,
86219.0,1726.0,,,,,
86259.0,1727.0,,,,,
86299.0,1728.0,,,,,
86378.0,1729.0,,,,,
86419.0,1730.0,,,,,
86459.0,1731.0,,,,,
86499.0,1732.0,,,,,
86578.0,1733.0,,,,,
86619.0,1734.0,,,,,
86659.0,1735.0,,,,,
86699.0,1736.0,,,,,
86778.0,1737.0,,,,,
86819.0,1738.0,,,,,
86859.0,1739.0,,,,,
86899.0,1740.0,,,,,
86978.0,1741.0,,,,,
87019.0,1742.0,,,,,
87059.0,1743.0,,,,,
87099.0,1744.0,,,,,
87178.0,1745.0,,,,,
87218.0,1746.0,,,,,
87259.0,1747.0,,,,,
87298.0,1748.0,,,,,
87378.0,1749.0,,,,,
87418.0,1750.0,,,,,
87459.0,1751.0,,,,,
87498.0,1752.0,,,,,
87578.0,1753.0,,,,,
87618.0,1754.0,,,,,
87658.0,1755.0,,,,,
87698.0,1756.0,,,,,
87778.0,1757.0,,,,,
87818.0,1758.0,,,,,
87858.0,1759.0,,,,,
87898.0,1760.0,,,,,
87978.0,1761.0,,,,,
88018.0,1762.0,,,,,
88058.0,1763.0,,,,,
88098.0,1764.0,,,,,
88178.0,1765.0,,,,,
88218.0,1766.0,,,,,
88258.0,1767.0,,,,,
88298.0,1768.0,,,,,
88377.0,1769.0,,,,,
88419.0,1770.0,,,,,
88458.0,1771.0,,,,,
88498.0,1772.0,,,,,
88577.0,1773.0,,,,,
88618.0,1774.0,,,,,
88658.0,1775.0,,,,,
88698.0,1776.0,,,,,
88777.0,1777.0,,,,,
88818.0,1778.0,,,,,
88858.0,1779.0,,,,,
88898.0,1780.0,,,,,
88977.0,1781.0,,,,,
89018.0,1782.0,,,,,
89058.0,1783.0,,,,,
89098.0,1784.0,,,,,
89177.0,1785.0,,,,,
89218.0,1786.0,,,,,
89258.0,1787.0,,,,,
89298.0,1788.0,,,,,
89377.0,1789.0,,,,,
89418.0,1790.0,,,,,
89458.0,1791.0,,,,,
89498.0,1792.0,,,,,
89577.0,1793.0,,,,,
89618.0,1794.0,,,,,
89658.0,1795.0,,,,,
89698.0,1796.0,,,,,
89777.0,1797.0,,,,,
89818.0,1798.0,,,,,
89858.0,1799.0,,,,,
89898.0,1800.0,,,,,
89977.0,1801.0,,,,,
90018.0,1802.0,,,,,
90058.0,1803.0,,,,,
90098.0,1804.0,,,,,
90177.0,1805.0,,,,,
90218.0,1806.0,,,,,
90258.0,1807.0,,,,,
90298.0,1808.0,,,,,
90377.0,1809.0,,,,,
90418.0,1810.0,,,,,
90458.0,1811.0,,,,,
90498.0,1812.0,,,,,
90577.0,1813.0,,,,,
90618.0,1814.0,,,,,
90658.0,1815.0,,,,,
90698.0,1816.0,,,,,
90777.0,1817.0,,,,,
90818.0,1818.0,,,,,
90858.0,1819.0,,,,,
90897.0,1820.0,,,,,
90977.0,1821.0,,,,,
91017.0,1822.0,,,,,
91057.0,1823.0,,,,,
91097.0,1824.0,,,,,
91177.0,1825.0,,,,,
91219.0,1826.0,,,,,
91258.0,1827.0,,,,,
91297.0,1828.0,,,,,
91377.0,1829.0,,,,,
91417.0,1830.0,,,,,
91457.0,1831.0,,,,,
91497.0,1832.0,,,,,
91577.0,1833.0,,,,,
91618.0,1834.0,,,,,
91657.0,1835.0,,,,,
91697.0,1836.0,,,,,
91777.0,1837.0,,,,,
91817.0,1838.0,,,,,
91857.0,1839.0,,,,,
91897.0,1840.0,,,,,
91977.0,1841.0,,,,,
92018.0,1842.0,,,,,
92057.0,1843.0,,,,,
92098.0,1844.0,,,,,
92177.0,1845.0,,,,,
92217.0,1846.0,,,,,
92257.0,1847.0,,,,,
92297.0,1848.0,,,,,
92376.0,1849.0,,,,,
92417.0,1850.0,,,,,
92457.0,1851.0,,,,,
92497.0,1852.0,,,,,
92576.0,1853.0,,,,,
92617.0,1854.0,,,,,
92657.0,1855.0,,,,,
92697.0,1856.0,,,,,
92776.0,1857.0,,,,,
92817.0,1858.0,,,,,
92857.0,1859.0,,,,,
92897.0,1860.0,,,,,
92976.0,1861.0,,,,,
93017.0,1862.0,,,,,
93057.0,1863.0,,,,,
93097.0,1864.0,,,,,
93176.0,1865.0,,,,,
93217.0,1866.0,,,,,
93257.0,1867.0,,,,,
93297.0,1868.0,,,,,
93376.0,1869.0,,,,,
93417.0,1870.0,,,,,
93457.0,1871.0,,,,,
93497.0,1872.0,,,,,
93576.0,1873.0,,,,,
93617.0,1874.0,,,,,
93657.0,1875.0,,,,,
93697.0,1876.0,,,,,
93776.0,1877.0,,,,,
93817.0,1878.0,,,,,
93857.0,1879.0,,,,,
93897.0,1880.0,,,,,
93976.0,1881.0,,,,,
94017.0,1882.0,,,,,
94057.0,1883.0,,,,,
94097.0,1884.0,,,,,
94176.0,1885.0,,,,,
94217.0,1886.0,,,,,
94257.0,1887.0,,,,,
94297.0,1888.0,,,,,
94376.0,1889.0,,,,,
94417.0,1890.0,27.0,"(954.0, 749.0)","(993.0, 794.0)","(975.0, 812.0)","(926.0, 783.0)"
94457.0,1891.0,,,,,
94497.0,1892.0,,,,,
94576.0,1893.0,,,,,
94617.0,1894.0,,,,,
94657.0,1895.0,,,,,
94697.0,1896.0,,,,,
94776.0,1897.0,,,,,
94817.0,1898.0,,,,,
94857.0,1899.0,,,,,
94897.0,1900.0,,,,,
94976.0,1901.0,,,,,
95016.0,1902.0,,,,,
95057.0,1903.0,,,,,
95097.0,1904.0,,,,,
95176.0,1905.0,,,,,
95216.0,1906.0,,,,,
95256.0,1907.0,,,,,
95296.0,1908.0,,,,,
95376.0,1909.0,,,,,
95416.0,1910.0,,,,,
95456.0,1911.0,,,,,
95496.0,1912.0,,,,,
95576.0,1913.0,,,,,
95616.0,1914.0,,,,,
95656.0,1915.0,,,,,
95696.0,1916.0,,,,,
95776.0,1917.0,,,,,
95816.0,1918.0,,,,,
95856.0,1919.0,,,,,
95896.0,1920.0,,,,,
95976.0,1921.0,,,,,
96016.0,1922.0,,,,,
96056.0,1923.0,,,,,
96096.0,1924.0,,,,,
96176.0,1925.0,,,,,
96216.0,1926.0,,,,,
96256.0,1927.0,,,,,
96296.0,1928.0,,,,,
96375.0,1929.0,,,,,
96416.0,1930.0,,,,,
96456.0,1931.0,,,,,
96496.0,1932.0,,,,,
96575.0,1933.0,,,,,
96616.0,1934.0,,,,,
96656.0,1935.0,,,,,
96696.0,1936.0,,,,,
96775.0,1937.0,,,,,
96816.0,1938.0,,,,,
96856.0,1939.0,,,,,
96896.0,1940.0,,,,,
96975.0,1941.0,,,,,
97016.0,1942.0,,,,,
97056.0,1943.0,,,,,
97096.0,1944.0,,,,,
97175.0,1945.0,,,,,
97216.0,1946.0,,,,,
97256.0,1947.0,,,,,
97296.0,1948.0,,,,,
97375.0,1949.0,,,,,
97416.0,1950.0,,,,,
97456.0,1951.0,,,,,
97496.0,1952.0,,,,,
97575.0,1953.0,,,,,
97616.0,1954.0,,,,,
97656.0,1955.0,,,,,
97696.0,1956.0,,,,,
97775.0,1957.0,,,,,
97816.0,1958.0,,,,,
97856.0,1959.0,,,,,
97896.0,1960.0,,,,,
97975.0,1961.0,,,,,
98016.0,1962.0,,,,,
98056.0,1963.0,,,,,
98096.0,1964.0,,,,,
98175.0,1965.0,,,,,
98216.0,1966.0,,,,,
98256.0,1967.0,,,,,
98296.0,1968.0,,,,,
98375.0,1969.0,,,,,
98416.0,1970.0,,,,,
98456.0,1971.0,,,,,
98496.0,1972.0,,,,,
98575.0,1973.0,,,,,
98616.0,1974.0,,,,,
98656.0,1975.0,,,,,
98696.0,1976.0,,,,,
98775.0,1977.0,,,,,
98816.0,1978.0,,,,,
98856.0,1979.0,,,,,
98896.0,1980.0,,,,,
98975.0,1981.0,,,,,
99015.0,1982.0,,,,,
99056.0,1983.0,,,,,
99096.0,1984.0,,,,,
99175.0,1985.0,,,,,
99215.0,1986.0,,,,,
99256.0,1987.0,,,,,
99296.0,1988.0,,,,,
99375.0,1989.0,,,,,
99415.0,1990.0,,,,,
99456.0,1991.0,,,,,
99495.0,1992.0,,,,,
99575.0,1993.0,,,,,
99616.0,1994.0,,,,,
99655.0,1995.0,,,,,
99695.0,1996.0,,,,,
99775.0,1997.0,,,,,
99815.0,1998.0,,,,,
99855.0,1999.0,,,,,
99895.0,2000.0,,,,,
99975.0,2001.0,,,,,
100015.0,2002.0,,,,,
100054.99999999999,2003.0,,,,,
100095.0,2004.0,,,,,
100175.0,2005.0,,,,,
100215.0,2006.0,,,,,
100255.0,2007.0,,,,,
100295.0,2008.0,,,,,
100374.0,2009.0,,,,,
100415.0,2010.0,,,,,
100455.0,2011.0,,,,,
100495.0,2012.0,,,,,
100574.0,2013.0,,,,,
100615.0,2014.0,,,,,
100655.0,2015.0,,,,,
100695.0,2016.0,,,,,
100774.0,2017.0,,,,,
100815.0,2018.0,,,,,
100855.0,2019.0,,,,,
100895.0,2020.0,,,,,
100974.0,2021.0,,,,,
101015.0,2022.0,,,,,
101054.99999999999,2023.0,,,,,
101095.0,2024.0,,,,,
101174.0,2025.0,,,,,
101215.0,2026.0,,,,,
101255.0,2027.0,,,,,
101295.0,2028.0,,,,,
101374.0,2029.0,,,,,
101415.0,2030.0,,,,,
101455.0,2031.0,,,,,
101495.0,2032.0,,,,,
101574.0,2033.0,,,,,
101615.0,2034.0,,,,,
101655.0,2035.0,,,,,
101695.0,2036.0,,,,,
101774.0,2037.0,,,,,
101815.0,2038.0,,,,,
101855.0,2039.0,,,,,
101895.0,2040.0,,,,,
101974.0,2041.0,,,,,
102015.0,2042.0,,,,,
102054.99999999999,2043.0,,,,,
102095.0,2044.0,,,,,
102174.0,2045.0,,,,,
102215.0,2046.0,,,,,
102255.0,2047.0,,,,,
102295.0,2048.0,,,,,
102374.0,2049.0,,,,,
102415.0,2050.0,,,,,
102455.0,2051.0,,,,,
102495.0,2052.0,,,,,
102574.0,2053.0,,,,,
102615.0,2054.0,,,,,
102655.0,2055.0,,,,,
102695.0,2056.0,,,,,
102774.0,2057.0,,,,,
102815.0,2058.0,,,,,
102854.0,2059.0,,,,,
102894.0,2060.0,,,,,
102974.0,2061.0,,,,,
103014.0,2062.0,,,,,
103054.0,2063.0,,,,,
103095.0,2064.0,,,,,
103174.0,2065.0,,,,,
103214.0,2066.0,,,,,
103254.0,2067.0,,,,,
103294.0,2068.0,,,,,
103374.0,2069.0,,,,,
103414.0,2070.0,,,,,
103454.0,2071.0,,,,,
103494.0,2072.0,,,,,
103574.0,2073.0,,,,,
103614.0,2074.0,,,,,
103654.0,2075.0,,,,,
103694.0,2076.0,,,,,
103774.0,2077.0,,,,,
103814.0,2078.0,,,,,
103854.0,2079.0,,,,,
103894.0,2080.0,,,,,
103974.0,2081.0,,,,,
104014.0,2082.0,,,,,
104054.0,2083.0,,,,,
104094.0,2084.0,,,,,
104173.0,2085.0,,,,,
104214.0,2086.0,,,,,
104254.0,2087.0,,,,,
104294.0,2088.0,,,,,
104373.0,2089.0,,,,,
104414.0,2090.0,,,,,
104454.0,2091.0,,,,,
104494.0,2092.0,,,,,
104573.0,2093.0,,,,,
104614.0,2094.0,,,,,
104654.0,2095.0,,,,,
104694.0,2096.0,,,,,
104773.0,2097.0,,,,,
104814.0,2098.0,,,,,
104854.0,2099.0,,,,,
104894.0,2100.0,,,,,
104973.0,2101.0,,,,,
105014.0,2102.0,,,,,
105054.0,2103.0,,,,,
105094.0,2104.0,,,,,
105173.0,2105.0,,,,,
105214.0,2106.0,,,,,
105254.0,2107.0,,,,,
105294.0,2108.0,,,,,
105373.0,2109.0,,,,,
105414.0,2110.0,,,,,
105454.0,2111.0,,,,,
105494.0,2112.0,,,,,
105573.0,2113.0,,,,,
105614.0,2114.0,,,,,
105654.0,2115.0,,,,,
105694.0,2116.0,,,,,
105773.0,2117.0,,,,,
105814.0,2118.0,,,,,
105854.0,2119.0,,,,,
105894.0,2120.0,,,,,
105973.0,2121.0,,,,,
106014.0,2122.0,,,,,
106054.0,2123.0,,,,,
106094.0,2124.0,,,,,
106173.0,2125.0,,,,,
106214.0,2126.0,,,,,
106254.0,2127.0,,,,,
106294.0,2128.0,,,,,
106373.0,2129.0,,,,,
106414.0,2130.0,,,,,
106454.0,2131.0,,,,,
106494.0,2132.0,,,,,
106573.0,2133.0,,,,,
106614.0,2134.0,,,,,
106653.0,2135.0,,,,,
106693.0,2136.0,,,,,
106773.0,2137.0,,,,,
106814.0,2138.0,,,,,
106853.0,2139.0,,,,,
106893.0,2140.0,,,,,
106973.0,2141.0,,,,,
107013.0,2142.0,,,,,
107053.0,2143.0,,,,,
107094.0,2144.0,,,,,
107173.0,2145.0,,,,,
107213.0,2146.0,,,,,
107253.0,2147.0,,,,,
107293.0,2148.0,,,,,
107373.0,2149.0,,,,,
107413.0,2150.0,,,,,
107453.0,2151.0,,,,,
107493.0,2152.0,,,,,
107573.0,2153.0,,,,,
107613.0,2154.0,,,,,
107653.0,2155.0,,,,,
107693.0,2156.0,,,,,
107773.0,2157.0,,,,,
107813.0,2158.0,,,,,
107853.0,2159.0,,,,,
107893.0,2160.0,,,,,
107972.0,2161.0,,,,,
108013.0,2162.0,,,,,
108053.0,2163.0,,,,,
108093.0,2164.0,,,,,
108172.0,2165.0,,,,,
108213.0,2166.0,,,,,
108253.0,2167.0,,,,,
108293.0,2168.0,,,,,
108372.0,2169.0,,,,,
108413.0,2170.0,,,,,
108453.0,2171.0,,,,,
108493.0,2172.0,,,,,
108572.0,2173.0,,,,,
108613.0,2174.0,,,,,
108653.0,2175.0,,,,,
108693.0,2176.0,,,,,
108772.0,2177.0,,,,,
108813.0,2178.0,,,,,
108853.0,2179.0,,,,,
108893.0,2180.0,,,,,
108972.0,2181.0,,,,,
109013.0,2182.0,,,,,
109053.0,2183.0,,,,,
109093.0,2184.0,,,,,
109172.0,2185.0,,,,,
109213.0,2186.0,,,,,
109253.0,2187.0,,,,,
109293.0,2188.0,,,,,
109372.0,2189.0,,,,,
109413.0,2190.0,,,,,
109453.0,2191.0,,,,,
109493.0,2192.0,,,,,
109572.0,2193.0,,,,,
109613.0,2194.0,,,,,
109653.0,2195.0,,,,,
109693.0,2196.0,20.0,"(1520.0, 461.0)","(1512.0, 433.0)","(1538.0, 424.0)","(1548.0, 452.0)"
109772.0,2197.0,20.0,"(1517.0, 466.0)","(1507.0, 439.0)","(1534.0, 428.0)","(1544.0, 456.0)"
109813.0,2198.0,20.0,"(1514.0, 471.0)","(1503.0, 443.0)","(1529.0, 432.0)","(1540.0, 459.0)"
109853.0,2199.0,20.0,"(1510.0, 475.0)","(1499.0, 448.0)","(1526.0, 436.0)","(1537.0, 463.0)"
109893.0,2200.0,20.0,"(1505.0, 482.0)","(1493.0, 455.0)","(1519.0, 442.0)","(1531.0, 470.0)"
109972.0,2201.0,20.0,"(1503.0, 484.0)","(1491.0, 457.0)","(1517.0, 444.0)","(1529.0, 472.0)"
110013.0,2202.0,20.0,"(1502.0, 486.0)","(1490.0, 459.0)","(1516.0, 446.0)","(1528.0, 474.0)"
110053.0,2203.0,20.0,"(1502.0, 488.0)","(1490.0, 460.0)","(1516.0, 448.0)","(1528.0, 475.0)"
110093.0,2204.0,20.0,"(1502.0, 490.0)","(1489.0, 463.0)","(1516.0, 451.0)","(1528.0, 478.0)"
110172.0,2205.0,20.0,"(1502.0, 491.0)","(1489.0, 464.0)","(1515.0, 451.0)","(1528.0, 479.0)"
110213.0,2206.0,20.0,"(1503.0, 492.0)","(1490.0, 464.0)","(1516.0, 452.0)","(1528.0, 479.0)"
110253.0,2207.0,20.0,"(1503.0, 492.0)","(1490.0, 465.0)","(1516.0, 452.0)","(1529.0, 479.0)"
110293.0,2208.0,20.0,"(1504.0, 492.0)","(1491.0, 465.0)","(1517.0, 452.0)","(1530.0, 479.0)"
110372.0,2209.0,20.0,"(1505.0, 492.0)","(1492.0, 465.0)","(1517.0, 452.0)","(1530.0, 480.0)"
110413.0,2210.0,20.0,"(1505.0, 492.0)","(1493.0, 465.0)","(1518.0, 452.0)","(1531.0, 480.0)"
110453.0,2211.0,20.0,"(1505.0, 492.0)","(1493.0, 465.0)","(1519.0, 452.0)","(1531.0, 480.0)"
110492.0,2212.0,20.0,"(1506.0, 492.0)","(1493.0, 465.0)","(1519.0, 452.0)","(1531.0, 480.0)"
110572.0,2213.0,20.0,"(1506.0, 492.0)","(1494.0, 464.0)","(1519.0, 452.0)","(1532.0, 479.0)"
110613.0,2214.0,20.0,"(1507.0, 491.0)","(1494.0, 464.0)","(1519.0, 451.0)","(1532.0, 479.0)"
110652.0,2215.0,20.0,"(1507.0, 491.0)","(1494.0, 464.0)","(1520.0, 451.0)","(1532.0, 478.0)"
110693.0,2216.0,20.0,"(1508.0, 490.0)","(1495.0, 463.0)","(1520.0, 450.0)","(1532.0, 477.0)"
110772.0,2217.0,20.0,"(1508.0, 490.0)","(1492.0, 464.0)","(1520.0, 450.0)","(1532.0, 477.0)"
110812.0,2218.0,20.0,"(1508.0, 490.0)","(1494.0, 463.0)","(1520.0, 450.0)","(1532.0, 477.0)"
110853.0,2219.0,20.0,"(1508.0, 489.0)","(1496.0, 462.0)","(1520.0, 448.0)","(1533.0, 476.0)"
110892.0,2220.0,20.0,"(1509.0, 487.0)","(1497.0, 460.0)","(1521.0, 447.0)","(1534.0, 474.0)"
110972.0,2221.0,20.0,"(1510.0, 486.0)","(1497.0, 458.0)","(1521.0, 446.0)","(1534.0, 472.0)"
111012.0,2222.0,20.0,"(1510.0, 484.0)","(1497.0, 457.0)","(1521.0, 444.0)","(1534.0, 471.0)"
111052.0,2223.0,20.0,"(1511.0, 483.0)","(1497.0, 456.0)","(1521.0, 443.0)","(1534.0, 470.0)"
111093.0,2224.0,20.0,"(1511.0, 482.0)","(1497.0, 456.0)","(1521.0, 442.0)","(1535.0, 469.0)"
111172.0,2225.0,20.0,"(1511.0, 482.0)","(1497.0, 456.0)","(1521.0, 442.0)","(1535.0, 469.0)"
111212.0,2226.0,20.0,"(1511.0, 482.0)","(1497.0, 456.0)","(1521.0, 442.0)","(1535.0, 469.0)"
111252.0,2227.0,20.0,"(1511.0, 482.0)","(1497.0, 455.0)","(1521.0, 442.0)","(1535.0, 469.0)"
111292.0,2228.0,20.0,"(1511.0, 482.0)","(1497.0, 455.0)","(1521.0, 442.0)","(1535.0, 469.0)"
111372.0,2229.0,20.0,"(1511.0, 482.0)","(1497.0, 455.0)","(1521.0, 442.0)","(1535.0, 469.0)"
111413.0,2230.0,20.0,"(1511.0, 482.0)","(1498.0, 454.0)","(1521.0, 442.0)","(1535.0, 469.0)"
111452.0,2231.0,20.0,"(1511.0, 482.0)","(1498.0, 454.0)","(1521.0, 442.0)","(1535.0, 469.0)"
111492.0,2232.0,20.0,"(1511.0, 482.0)","(1498.0, 455.0)","(1521.0, 442.0)","(1535.0, 469.0)"
111572.0,2233.0,20.0,"(1511.0, 482.0)","(1497.0, 455.0)","(1521.0, 442.0)","(1535.0, 469.0)"
111612.0,2234.0,20.0,"(1511.0, 482.0)","(1497.0, 455.0)","(1521.0, 442.0)","(1535.0, 469.0)"
111652.0,2235.0,20.0,"(1511.0, 482.0)","(1497.0, 455.0)","(1521.0, 442.0)","(1535.0, 469.0)"
111692.0,2236.0,20.0,"(1511.0, 482.0)","(1498.0, 455.0)","(1521.0, 442.0)","(1535.0, 469.0)"
111772.0,2237.0,20.0,"(1511.0, 482.0)","(1498.0, 455.0)","(1521.0, 442.0)","(1535.0, 469.0)"
111812.0,2238.0,20.0,"(1511.0, 482.0)","(1498.0, 455.0)","(1521.0, 442.0)","(1535.0, 469.0)"
111852.0,2239.0,20.0,"(1511.0, 482.0)","(1498.0, 455.0)","(1521.0, 442.0)","(1535.0, 469.0)"
111892.0,2240.0,20.0,"(1511.0, 482.0)","(1498.0, 455.0)","(1521.0, 442.0)","(1535.0, 469.0)"
111971.0,2241.0,20.0,"(1511.0, 483.0)","(1498.0, 455.0)","(1521.0, 442.0)","(1535.0, 469.0)"
112012.0,2242.0,20.0,"(1511.0, 483.0)","(1498.0, 456.0)","(1521.0, 443.0)","(1534.0, 471.0)"
112052.0,2243.0,20.0,"(1511.0, 483.0)","(1498.0, 456.0)","(1521.0, 443.0)","(1534.0, 471.0)"
112092.0,2244.0,20.0,"(1511.0, 483.0)","(1498.0, 456.0)","(1522.0, 444.0)","(1534.0, 471.0)"
112171.0,2245.0,20.0,"(1511.0, 484.0)","(1498.0, 457.0)","(1522.0, 444.0)","(1535.0, 471.0)"
112212.0,2246.0,20.0,"(1511.0, 484.0)","(1498.0, 457.0)","(1523.0, 445.0)","(1535.0, 472.0)"
112252.0,2247.0,20.0,"(1511.0, 484.0)","(1498.0, 457.0)","(1523.0, 445.0)","(1535.0, 472.0)"
112292.0,2248.0,20.0,"(1511.0, 485.0)","(1499.0, 457.0)","(1523.0, 445.0)","(1535.0, 473.0)"
112371.0,2249.0,20.0,"(1511.0, 485.0)","(1499.0, 457.0)","(1523.0, 445.0)","(1535.0, 473.0)"
112412.0,2250.0,20.0,"(1511.0, 485.0)","(1499.0, 457.0)","(1523.0, 445.0)","(1535.0, 473.0)"
112452.0,2251.0,20.0,"(1511.0, 485.0)","(1499.0, 458.0)","(1524.0, 446.0)","(1536.0, 473.0)"
112492.0,2252.0,20.0,"(1511.0, 485.0)","(1499.0, 458.0)","(1524.0, 446.0)","(1536.0, 473.0)"
112571.0,2253.0,20.0,"(1511.0, 485.0)","(1500.0, 458.0)","(1524.0, 446.0)","(1535.0, 473.0)"
112612.0,2254.0,20.0,"(1511.0, 485.0)","(1499.0, 458.0)","(1524.0, 446.0)","(1536.0, 473.0)"
112652.0,2255.0,20.0,"(1511.0, 485.0)","(1499.0, 458.0)","(1524.0, 446.0)","(1536.0, 473.0)"
112692.0,2256.0,20.0,"(1511.0, 486.0)","(1499.0, 458.0)","(1524.0, 446.0)","(1535.0, 474.0)"
112771.0,2257.0,20.0,"(1511.0, 486.0)","(1499.0, 458.0)","(1524.0, 446.0)","(1535.0, 474.0)"
112812.0,2258.0,20.0,"(1510.0, 486.0)","(1499.0, 458.0)","(1523.0, 446.0)","(1535.0, 474.0)"
112852.0,2259.0,20.0,"(1510.0, 486.0)","(1499.0, 458.0)","(1523.0, 446.0)","(1535.0, 474.0)"
112892.0,2260.0,20.0,"(1510.0, 487.0)","(1498.0, 459.0)","(1523.0, 447.0)","(1535.0, 474.0)"
112971.0,2261.0,20.0,"(1510.0, 487.0)","(1498.0, 459.0)","(1523.0, 447.0)","(1535.0, 474.0)"
113012.0,2262.0,20.0,"(1510.0, 487.0)","(1498.0, 459.0)","(1523.0, 447.0)","(1535.0, 474.0)"
113052.0,2263.0,20.0,"(1510.0, 487.0)","(1498.0, 459.0)","(1522.0, 447.0)","(1535.0, 474.0)"
113092.0,2264.0,20.0,"(1510.0, 487.0)","(1498.0, 459.0)","(1522.0, 447.0)","(1535.0, 474.0)"
113171.0,2265.0,20.0,"(1510.0, 487.0)","(1498.0, 459.0)","(1522.0, 447.0)","(1535.0, 474.0)"
113212.0,2266.0,20.0,"(1510.0, 487.0)","(1498.0, 459.0)","(1522.0, 447.0)","(1535.0, 474.0)"
113252.0,2267.0,20.0,"(1510.0, 487.0)","(1498.0, 459.0)","(1522.0, 447.0)","(1535.0, 474.0)"
113292.0,2268.0,20.0,"(1510.0, 487.0)","(1498.0, 459.0)","(1522.0, 447.0)","(1535.0, 474.0)"
113371.0,2269.0,20.0,"(1510.0, 487.0)","(1498.0, 459.0)","(1522.0, 447.0)","(1534.0, 475.0)"
113412.0,2270.0,20.0,"(1510.0, 487.0)","(1498.0, 459.0)","(1522.0, 447.0)","(1534.0, 475.0)"
113452.0,2271.0,20.0,"(1510.0, 486.0)","(1498.0, 458.0)","(1522.0, 447.0)","(1534.0, 475.0)"
113492.0,2272.0,20.0,"(1509.0, 485.0)","(1498.0, 458.0)","(1522.0, 446.0)","(1534.0, 474.0)"
113571.0,2273.0,20.0,"(1509.0, 485.0)","(1498.0, 457.0)","(1522.0, 446.0)","(1534.0, 474.0)"
113612.0,2274.0,20.0,"(1509.0, 485.0)","(1498.0, 457.0)","(1522.0, 446.0)","(1534.0, 474.0)"
113652.0,2275.0,20.0,"(1509.0, 485.0)","(1498.0, 457.0)","(1522.0, 446.0)","(1534.0, 474.0)"
113692.0,2276.0,20.0,"(1509.0, 485.0)","(1497.0, 457.0)","(1522.0, 446.0)","(1534.0, 473.0)"
113771.0,2277.0,20.0,"(1509.0, 485.0)","(1497.0, 457.0)","(1522.0, 446.0)","(1534.0, 473.0)"
113812.0,2278.0,20.0,"(1509.0, 485.0)","(1497.0, 457.0)","(1522.0, 446.0)","(1534.0, 473.0)"
113852.0,2279.0,20.0,"(1509.0, 485.0)","(1497.0, 457.0)","(1522.0, 446.0)","(1534.0, 473.0)"
113892.0,2280.0,20.0,"(1509.0, 485.0)","(1497.0, 457.0)","(1521.0, 445.0)","(1534.0, 473.0)"
113971.0,2281.0,20.0,"(1509.0, 485.0)","(1497.0, 457.0)","(1521.0, 445.0)","(1534.0, 473.0)"
114012.0,2282.0,20.0,"(1509.0, 485.0)","(1497.0, 457.0)","(1521.0, 445.0)","(1534.0, 473.0)"
114052.0,2283.0,20.0,"(1509.0, 485.0)","(1497.0, 457.0)","(1521.0, 445.0)","(1534.0, 473.0)"
114092.0,2284.0,20.0,"(1509.0, 485.0)","(1497.0, 457.0)","(1521.0, 445.0)","(1534.0, 473.0)"
114171.0,2285.0,20.0,"(1509.0, 485.0)","(1497.0, 457.0)","(1521.0, 445.0)","(1534.0, 473.0)"
114212.0,2286.0,20.0,"(1509.0, 485.0)","(1497.0, 457.0)","(1521.0, 445.0)","(1534.0, 473.0)"
114252.0,2287.0,20.0,"(1509.0, 485.0)","(1497.0, 457.0)","(1521.0, 445.0)","(1534.0, 473.0)"
114292.0,2288.0,20.0,"(1509.0, 485.0)","(1497.0, 457.0)","(1521.0, 445.0)","(1534.0, 473.0)"
114371.0,2289.0,20.0,"(1509.0, 485.0)","(1497.0, 457.0)","(1521.0, 445.0)","(1534.0, 473.0)"
114412.0,2290.0,20.0,"(1509.0, 485.0)","(1497.0, 457.0)","(1521.0, 445.0)","(1534.0, 473.0)"
114452.0,2291.0,20.0,"(1509.0, 485.0)","(1497.0, 457.0)","(1521.0, 445.0)","(1534.0, 473.0)"
114491.0,2292.0,20.0,"(1509.0, 485.0)","(1497.0, 457.0)","(1521.0, 445.0)","(1534.0, 473.0)"
114571.0,2293.0,20.0,"(1510.0, 485.0)","(1497.0, 457.0)","(1521.0, 445.0)","(1534.0, 472.0)"
114611.0,2294.0,20.0,"(1510.0, 485.0)","(1497.0, 457.0)","(1521.0, 445.0)","(1534.0, 472.0)"
114651.0,2295.0,20.0,"(1510.0, 485.0)","(1497.0, 457.0)","(1521.0, 445.0)","(1534.0, 472.0)"
114691.0,2296.0,20.0,"(1510.0, 484.0)","(1497.0, 457.0)","(1521.0, 445.0)","(1534.0, 472.0)"
114771.0,2297.0,20.0,"(1510.0, 485.0)","(1497.0, 458.0)","(1521.0, 445.0)","(1534.0, 472.0)"
114812.0,2298.0,20.0,"(1510.0, 485.0)","(1497.0, 457.0)","(1520.0, 444.0)","(1533.0, 472.0)"
114851.0,2299.0,20.0,"(1510.0, 484.0)","(1496.0, 457.0)","(1520.0, 444.0)","(1533.0, 471.0)"
114891.0,2300.0,20.0,"(1511.0, 482.0)","(1498.0, 455.0)","(1521.0, 443.0)","(1534.0, 470.0)"
114971.0,2301.0,20.0,"(1512.0, 481.0)","(1498.0, 454.0)","(1520.0, 442.0)","(1535.0, 469.0)"
115011.0,2302.0,20.0,"(1513.0, 480.0)","(1498.0, 453.0)","(1521.0, 441.0)","(1535.0, 468.0)"
115051.0,2303.0,20.0,"(1513.0, 480.0)","(1498.0, 453.0)","(1521.0, 440.0)","(1535.0, 467.0)"
115091.0,2304.0,20.0,"(1513.0, 479.0)","(1499.0, 452.0)","(1521.0, 439.0)","(1535.0, 466.0)"
115171.0,2305.0,20.0,"(1513.0, 478.0)","(1499.0, 452.0)","(1521.0, 439.0)","(1535.0, 466.0)"
115211.0,2306.0,20.0,"(1514.0, 478.0)","(1499.0, 452.0)","(1521.0, 439.0)","(1536.0, 465.0)"
115251.0,2307.0,20.0,"(1514.0, 478.0)","(1500.0, 452.0)","(1522.0, 439.0)","(1537.0, 465.0)"
115291.0,2308.0,20.0,"(1515.0, 479.0)","(1501.0, 452.0)","(1522.0, 439.0)","(1537.0, 465.0)"
115371.0,2309.0,20.0,"(1515.0, 479.0)","(1501.0, 452.0)","(1523.0, 439.0)","(1537.0, 466.0)"
115411.0,2310.0,20.0,"(1515.0, 479.0)","(1501.0, 452.0)","(1523.0, 440.0)","(1537.0, 466.0)"
115451.0,2311.0,20.0,"(1515.0, 479.0)","(1501.0, 453.0)","(1524.0, 440.0)","(1538.0, 466.0)"
115491.0,2312.0,20.0,"(1516.0, 480.0)","(1502.0, 453.0)","(1525.0, 441.0)","(1538.0, 467.0)"
115571.0,2313.0,20.0,"(1516.0, 480.0)","(1502.0, 453.0)","(1525.0, 441.0)","(1538.0, 468.0)"
115611.0,2314.0,20.0,"(1516.0, 480.0)","(1502.0, 453.0)","(1525.0, 441.0)","(1538.0, 468.0)"
115651.0,2315.0,20.0,"(1516.0, 480.0)","(1502.0, 453.0)","(1525.0, 441.0)","(1538.0, 468.0)"
115691.0,2316.0,20.0,"(1516.0, 480.0)","(1503.0, 453.0)","(1526.0, 441.0)","(1538.0, 468.0)"
115771.0,2317.0,20.0,"(1516.0, 480.0)","(1503.0, 453.0)","(1526.0, 441.0)","(1539.0, 468.0)"
115811.0,2318.0,20.0,"(1516.0, 480.0)","(1503.0, 453.0)","(1526.0, 441.0)","(1539.0, 468.0)"
115851.0,2319.0,20.0,"(1516.0, 480.0)","(1503.0, 453.0)","(1526.0, 441.0)","(1539.0, 468.0)"
115891.0,2320.0,20.0,"(1516.0, 480.0)","(1503.0, 453.0)","(1526.0, 441.0)","(1539.0, 468.0)"
115970.0,2321.0,20.0,"(1516.0, 480.0)","(1503.0, 453.0)","(1526.0, 441.0)","(1539.0, 468.0)"
116011.0,2322.0,20.0,"(1516.0, 480.0)","(1503.0, 453.0)","(1526.0, 441.0)","(1539.0, 468.0)"
116051.0,2323.0,20.0,"(1516.0, 480.0)","(1503.0, 453.0)","(1526.0, 441.0)","(1539.0, 468.0)"
116092.0,2324.0,20.0,"(1516.0, 480.0)","(1503.0, 453.0)","(1526.0, 441.0)","(1539.0, 468.0)"
116170.0,2325.0,20.0,"(1516.0, 480.0)","(1503.0, 453.0)","(1526.0, 441.0)","(1539.0, 468.0)"
116211.0,2326.0,20.0,"(1516.0, 480.0)","(1503.0, 453.0)","(1526.0, 441.0)","(1539.0, 468.0)"
116251.0,2327.0,20.0,"(1516.0, 480.0)","(1503.0, 453.0)","(1526.0, 441.0)","(1539.0, 468.0)"
116291.0,2328.0,20.0,"(1516.0, 480.0)","(1503.0, 453.0)","(1527.0, 441.0)","(1539.0, 468.0)"
116370.0,2329.0,20.0,"(1517.0, 479.0)","(1504.0, 452.0)","(1527.0, 440.0)","(1540.0, 468.0)"
116411.0,2330.0,20.0,"(1518.0, 479.0)","(1505.0, 451.0)","(1527.0, 440.0)","(1541.0, 467.0)"
116451.0,2331.0,20.0,"(1518.0, 479.0)","(1505.0, 451.0)","(1528.0, 440.0)","(1540.0, 467.0)"
116491.0,2332.0,20.0,"(1518.0, 478.0)","(1505.0, 451.0)","(1528.0, 439.0)","(1541.0, 466.0)"
116570.0,2333.0,20.0,"(1518.0, 478.0)","(1505.0, 450.0)","(1528.0, 439.0)","(1541.0, 466.0)"
116611.0,2334.0,20.0,"(1517.0, 477.0)","(1504.0, 450.0)","(1528.0, 439.0)","(1541.0, 465.0)"
116651.0,2335.0,20.0,"(1516.0, 477.0)","(1504.0, 450.0)","(1527.0, 439.0)","(1540.0, 466.0)"
116691.0,2336.0,20.0,"(1516.0, 477.0)","(1504.0, 450.0)","(1527.0, 439.0)","(1540.0, 466.0)"
116770.0,2337.0,20.0,"(1517.0, 478.0)","(1504.0, 450.0)","(1527.0, 439.0)","(1540.0, 466.0)"
116811.0,2338.0,20.0,"(1517.0, 478.0)","(1504.0, 450.0)","(1527.0, 439.0)","(1540.0, 466.0)"
116851.0,2339.0,20.0,"(1517.0, 477.0)","(1504.0, 449.0)","(1527.0, 438.0)","(1540.0, 465.0)"
116891.0,2340.0,20.0,"(1516.0, 476.0)","(1503.0, 448.0)","(1526.0, 437.0)","(1539.0, 464.0)"
116970.0,2341.0,20.0,"(1515.0, 475.0)","(1502.0, 448.0)","(1526.0, 437.0)","(1538.0, 464.0)"
117011.0,2342.0,20.0,"(1514.0, 474.0)","(1502.0, 447.0)","(1526.0, 437.0)","(1538.0, 464.0)"
117051.0,2343.0,20.0,"(1514.0, 474.0)","(1502.0, 447.0)","(1526.0, 436.0)","(1538.0, 464.0)"
117091.0,2344.0,20.0,"(1514.0, 473.0)","(1501.0, 446.0)","(1525.0, 435.0)","(1538.0, 462.0)"
117170.0,2345.0,20.0,"(1514.0, 473.0)","(1501.0, 446.0)","(1524.0, 434.0)","(1537.0, 461.0)"
117211.0,2346.0,20.0,"(1514.0, 473.0)","(1500.0, 446.0)","(1523.0, 434.0)","(1537.0, 461.0)"
117251.0,2347.0,20.0,"(1514.0, 473.0)","(1500.0, 446.0)","(1523.0, 434.0)","(1537.0, 460.0)"
117291.0,2348.0,20.0,"(1513.0, 473.0)","(1498.0, 447.0)","(1521.0, 434.0)","(1536.0, 460.0)"
117370.0,2349.0,20.0,"(1513.0, 473.0)","(1498.0, 448.0)","(1520.0, 434.0)","(1535.0, 460.0)"
117411.0,2350.0,20.0,"(1513.0, 474.0)","(1497.0, 448.0)","(1519.0, 434.0)","(1535.0, 460.0)"
117451.0,2351.0,20.0,"(1513.0, 474.0)","(1497.0, 448.0)","(1519.0, 434.0)","(1535.0, 460.0)"
117491.0,2352.0,20.0,"(1512.0, 475.0)","(1497.0, 449.0)","(1519.0, 435.0)","(1534.0, 461.0)"
117570.0,2353.0,20.0,"(1512.0, 476.0)","(1496.0, 450.0)","(1519.0, 435.0)","(1534.0, 462.0)"
117611.0,2354.0,20.0,"(1511.0, 476.0)","(1496.0, 450.0)","(1519.0, 436.0)","(1534.0, 462.0)"
117651.0,2355.0,20.0,"(1511.0, 477.0)","(1496.0, 451.0)","(1519.0, 437.0)","(1534.0, 463.0)"
117691.0,2356.0,20.0,"(1511.0, 477.0)","(1497.0, 451.0)","(1519.0, 437.0)","(1534.0, 463.0)"
117770.0,2357.0,20.0,"(1511.0, 478.0)","(1497.0, 451.0)","(1519.0, 438.0)","(1533.0, 464.0)"
117811.0,2358.0,20.0,"(1511.0, 478.0)","(1497.0, 451.0)","(1519.0, 438.0)","(1533.0, 464.0)"
117851.0,2359.0,20.0,"(1511.0, 476.0)","(1497.0, 450.0)","(1520.0, 437.0)","(1534.0, 463.0)"
117891.0,2360.0,20.0,"(1511.0, 477.0)","(1497.0, 450.0)","(1519.0, 437.0)","(1534.0, 463.0)"
117970.0,2361.0,20.0,"(1511.0, 476.0)","(1497.0, 450.0)","(1519.0, 437.0)","(1534.0, 463.0)"
118011.0,2362.0,20.0,"(1512.0, 476.0)","(1497.0, 450.0)","(1520.0, 436.0)","(1534.0, 462.0)"
118051.0,2363.0,20.0,"(1512.0, 476.0)","(1497.0, 450.0)","(1520.0, 436.0)","(1534.0, 462.0)"
118091.0,2364.0,20.0,"(1512.0, 475.0)","(1497.0, 449.0)","(1520.0, 435.0)","(1535.0, 461.0)"
118170.0,2365.0,20.0,"(1513.0, 475.0)","(1498.0, 449.0)","(1520.0, 435.0)","(1535.0, 461.0)"
118211.0,2366.0,20.0,"(1513.0, 475.0)","(1498.0, 449.0)","(1520.0, 434.0)","(1535.0, 461.0)"
118250.0,2367.0,20.0,"(1513.0, 474.0)","(1498.0, 449.0)","(1521.0, 434.0)","(1535.0, 461.0)"
118291.0,2368.0,20.0,"(1514.0, 474.0)","(1499.0, 448.0)","(1521.0, 434.0)","(1536.0, 460.0)"
118370.0,2369.0,20.0,"(1514.0, 474.0)","(1499.0, 447.0)","(1521.0, 434.0)","(1536.0, 460.0)"
118411.0,2370.0,20.0,"(1513.0, 473.0)","(1499.0, 447.0)","(1521.0, 433.0)","(1535.0, 460.0)"
118452.0,2371.0,20.0,"(1514.0, 473.0)","(1499.0, 446.0)","(1521.0, 433.0)","(1536.0, 459.0)"
118491.0,2372.0,20.0,"(1514.0, 473.0)","(1499.0, 446.0)","(1521.0, 433.0)","(1536.0, 459.0)"
118570.0,2373.0,20.0,"(1514.0, 473.0)","(1498.0, 447.0)","(1520.0, 432.0)","(1535.0, 459.0)"
118611.0,2374.0,20.0,"(1513.0, 473.0)","(1498.0, 447.0)","(1520.0, 432.0)","(1535.0, 459.0)"
118651.0,2375.0,20.0,"(1513.0, 473.0)","(1498.0, 447.0)","(1520.0, 432.0)","(1535.0, 459.0)"
118690.0,2376.0,20.0,"(1513.0, 473.0)","(1497.0, 447.0)","(1519.0, 433.0)","(1534.0, 459.0)"
118770.0,2377.0,20.0,"(1513.0, 473.0)","(1496.0, 447.0)","(1519.0, 433.0)","(1534.0, 459.0)"
118810.0,2378.0,20.0,"(1512.0, 473.0)","(1496.0, 447.0)","(1519.0, 433.0)","(1534.0, 459.0)"
118850.0,2379.0,20.0,"(1512.0, 473.0)","(1496.0, 447.0)","(1519.0, 433.0)","(1534.0, 459.0)"
118890.0,2380.0,20.0,"(1512.0, 473.0)","(1496.0, 447.0)","(1518.0, 433.0)","(1534.0, 458.0)"
118970.0,2381.0,20.0,"(1512.0, 473.0)","(1496.0, 447.0)","(1518.0, 433.0)","(1534.0, 458.0)"
119010.0,2382.0,20.0,"(1511.0, 473.0)","(1496.0, 447.0)","(1518.0, 433.0)","(1533.0, 459.0)"
119052.0,2383.0,20.0,"(1511.0, 473.0)","(1496.0, 447.0)","(1518.0, 433.0)","(1533.0, 459.0)"
119091.0,2384.0,20.0,"(1511.0, 473.0)","(1496.0, 447.0)","(1518.0, 433.0)","(1533.0, 459.0)"
119170.0,2385.0,20.0,"(1511.0, 473.0)","(1496.0, 447.0)","(1518.0, 434.0)","(1533.0, 459.0)"
119210.0,2386.0,20.0,"(1511.0, 474.0)","(1496.0, 447.0)","(1518.0, 434.0)","(1533.0, 459.0)"
119250.0,2387.0,20.0,"(1511.0, 474.0)","(1496.0, 447.0)","(1518.0, 434.0)","(1533.0, 459.0)"
119290.0,2388.0,20.0,"(1511.0, 474.0)","(1496.0, 447.0)","(1518.0, 434.0)","(1533.0, 459.0)"
119370.0,2389.0,20.0,"(1511.0, 474.0)","(1496.0, 448.0)","(1518.0, 434.0)","(1533.0, 459.0)"
119410.0,2390.0,20.0,"(1511.0, 474.0)","(1496.0, 448.0)","(1519.0, 434.0)","(1534.0, 459.0)"
119450.0,2391.0,20.0,"(1512.0, 474.0)","(1496.0, 448.0)","(1519.0, 434.0)","(1534.0, 459.0)"
119490.0,2392.0,20.0,"(1512.0, 474.0)","(1497.0, 448.0)","(1519.0, 434.0)","(1534.0, 460.0)"
119569.0,2393.0,20.0,"(1512.0, 474.0)","(1497.0, 448.0)","(1519.0, 434.0)","(1534.0, 460.0)"
119610.0,2394.0,20.0,"(1512.0, 474.0)","(1497.0, 448.0)","(1520.0, 434.0)","(1534.0, 460.0)"
0.0,2395.0,20.0,"(1512.0, 474.0)","(1497.0, 448.0)","(1520.0, 434.0)","(1534.0, 461.0)"
0.0,2396.0,20.0,"(1513.0, 474.0)","(1497.0, 448.0)","(1520.0, 434.0)","(1535.0, 460.0)"
0.0,2397.0,20.0,"(1513.0, 474.0)","(1498.0, 448.0)","(1520.0, 434.0)","(1535.0, 460.0)"
0.0,2398.0,20.0,"(1513.0, 474.0)","(1498.0, 448.0)","(1520.0, 434.0)","(1535.0, 460.0)"
0.0,2399.0,20.0,"(1514.0, 474.0)","(1499.0, 447.0)","(1521.0, 434.0)","(1535.0, 460.0)"
0.0,2400.0,20.0,"(1514.0, 474.0)","(1499.0, 447.0)","(1521.0, 434.0)","(1536.0, 460.0)"
